,STUDENTID,SCORE,GRADE,ON_SMARTPHONE,ASKS_QUESTIONS,LEAVES_EARLY,LATE_IN_CLASS,FINALEXAM
1,65446,23.67,D,never,always,never,Yes,12.87480407
2,79686,8.41,F,never,never,rarely,Sometimes,5.044092935
3,56400,69.76,C,never,always,rarely,Never,23.58572976
4,16792,95.51,A,never,always,always,Never,23.47674826
5,92195,67.12,B,frequently,always,never,Sometimes,14.38836697
6,93635,89.55,B,never,always,never,Sometimes,24.05012842
7,37569,23.59,F,never,sometimes,always,Never,12.56914009
8,61757,30.96,D,never,sometimes,rarely,Never,13.89734469
9,72878,49.68,C,never,always,rarely,Yes,13.02226803
10,99790,95.38,A,never,always,rarely,Sometimes,24.1076016
11,66144,37.06,C,never,always,rarely,Sometimes,16.63941307
12,69243,45.16,C,never,always,rarely,Yes,17.02959645
13,26685,27.55,C,never,always,never,Sometimes,11.97803934
14,29403,90.26,A,frequently,always,always,Never,25.96409069
15,54170,74.96,B,never,sometimes,never,Never,18.32516525
16,28985,51.75,C,never,never,never,Never,18.92586183
17,65254,30.2,D,never,sometimes,never,Sometimes,9.543350548
18,30143,57.57,C,never,sometimes,always,Never,19.19797377
19,22677,39.01,D,never,always,always,Yes,8.913808587
20,90184,42.95,C,frequently,never,always,Never,13.15220516
21,94732,74.63,B,frequently,never,rarely,Never,18.52863013
22,15508,84.15,B,never,always,never,Yes,20.75569566
23,90391,40.11,D,never,sometimes,always,Never,16.81631444
24,49414,18.4,F,rarely,sometimes,always,Sometimes,8.2892814
25,91913,55.95,C,never,always,always,Sometimes,13.61664454
26,16055,52.68,C,never,sometimes,always,Yes,17.2356769
27,88540,26.07,D,never,never,never,Sometimes,12.12988029
28,76245,65.66,B,never,never,never,Never,18.31530831
29,76517,45.74,C,never,always,always,Never,15.15441367
30,70019,4.62,F,never,never,always,Never,8.243865893
31,68803,33.74,D,never,never,always,Never,14.84986894
32,35553,40.07,D,never,never,always,Never,8.532989619
33,84108,82.32,B,never,never,rarely,Never,24.05869787
34,33236,85.05,B,frequently,always,never,Yes,19.02395457
35,94586,41.87,C,never,never,never,Never,11.96905271
36,31322,40.16,D,never,always,always,Yes,17.36568573
37,20335,56.93,B,frequently,never,never,Never,15.52841433
38,22147,6.6,F,never,sometimes,always,Never,9.663316694
39,55147,68.06,C,never,always,always,Sometimes,14.97657253
40,38707,72.29,B,rarely,never,never,Never,15.00089393
41,25676,38.2,C,never,always,never,Sometimes,13.64371487
42,74800,50.65,C,never,always,rarely,Yes,12.38606662
43,99424,37.93,C,never,never,never,Sometimes,8.931082303
44,26347,88.96,B,never,always,rarely,Sometimes,25.13818903
45,61544,51.63,C,never,never,rarely,Sometimes,15.38817666
46,47276,90.04,A,frequently,sometimes,never,Never,26.60322429
47,20049,28.74,F,never,never,always,Never,8.720242376
48,86713,43.46,D,never,always,always,Never,9.888896061
49,94888,89.22,A,frequently,sometimes,always,Sometimes,20.99385201
50,62417,63.99,C,never,never,never,Never,21.6918696
51,99679,27.61,F,never,always,always,Never,8.499907972
52,52155,70.47,B,frequently,sometimes,rarely,Sometimes,20.9931784
53,96698,48.64,C,never,always,never,Never,17.27495483
54,62423,52.79,B,frequently,sometimes,rarely,Sometimes,14.59978806
55,54266,7.72,F,never,always,always,Sometimes,8.583995338
56,43935,10.28,F,never,never,never,Yes,9.254947826
57,27228,52.5,B,frequently,never,always,Yes,16.65787818
58,37838,52.31,C,never,sometimes,never,Yes,14.0720036
59,92583,43.86,D,never,sometimes,always,Sometimes,11.25425166
60,30518,44.12,C,never,always,never,Never,13.38507049
61,88887,59.31,C,never,sometimes,always,Never,13.45227467
62,84806,27.86,D,never,sometimes,rarely,Sometimes,8.639031922
63,61824,62.26,C,never,never,rarely,Yes,20.17801468
64,35418,67.74,B,rarely,sometimes,never,Never,16.54147665
65,87696,72.87,C,never,always,always,Sometimes,16.63102861
66,16782,32.96,D,never,always,never,Never,6.882883789
67,31900,25.92,D,never,always,rarely,Never,12.22866386
68,45016,49.16,C,never,always,always,Yes,12.91478275
69,74040,80.14,B,never,always,always,Sometimes,19.55922116
70,43977,28.86,D,never,sometimes,rarely,Yes,6.966754418
71,60194,8.34,F,never,sometimes,always,Yes,2.613678225
72,25682,38.43,C,never,sometimes,never,Yes,12.74008396
73,85588,36.75,D,never,sometimes,always,Sometimes,12.46617422
74,41284,89.24,B,frequently,always,rarely,Sometimes,21.65885545
75,80070,34.08,D,never,always,rarely,Sometimes,12.98325562
76,89255,21.85,D,never,sometimes,rarely,Sometimes,9.243098447
77,37964,7.52,F,rarely,always,always,Sometimes,8.558091729
78,27195,46.81,C,never,never,always,Sometimes,13.6946796
79,49254,34.27,D,never,always,never,Never,10.76873503
80,64210,72.23,B,never,always,never,Never,16.04761006
81,82226,15.73,F,rarely,always,rarely,Never,10.90780986
82,27416,98.87,A,frequently,sometimes,never,Sometimes,28.88626522
83,15897,64.77,C,never,never,rarely,Sometimes,21.77419849
84,30146,23.91,F,never,sometimes,always,Yes,6.792951759
85,33473,60.62,C,never,never,always,Never,15.88171327
86,72454,89.39,B,frequently,always,never,Sometimes,22.71540854
87,70538,25.13,F,never,always,always,Never,7.959035425
88,48959,42.3,D,never,never,always,Sometimes,11.57495994
89,86144,63.22,C,never,sometimes,never,Never,17.74729566
90,26019,87.7,A,rarely,never,never,Sometimes,20.82317521
91,23888,4.93,F,never,never,always,Never,8.490061412
92,55307,23.97,D,never,always,never,Sometimes,8.848941805
93,51754,43.9,D,never,never,always,Yes,18.33333521
94,32676,58.27,C,never,sometimes,never,Never,15.99653913
95,33733,67.89,C,never,always,always,Sometimes,16.13609641
96,61153,42.38,C,never,always,never,Yes,16.57874131
97,10605,94.4,A,frequently,always,rarely,Sometimes,26.93303076
98,48527,28.8,D,never,sometimes,never,Yes,14.43892889
99,81385,28.55,D,never,never,always,Sometimes,8.909965805
100,67752,77.02,A,frequently,never,always,Yes,21.62906455
101,58739,27.33,F,never,always,always,Yes,14.47232636
102,38305,33.75,D,never,sometimes,rarely,Never,13.71360161
103,98027,82.99,B,never,always,always,Yes,20.78431886
104,34133,56.11,C,never,sometimes,never,Sometimes,12.78214433
105,40358,71.73,B,never,never,rarely,Never,21.30578699
106,12638,30.05,D,never,sometimes,always,Yes,8.955663766
107,74054,22.23,F,never,always,always,Sometimes,9.255641612
108,89550,4.85,F,never,always,always,Never,7.335716541
109,91350,31.19,D,never,always,never,Sometimes,13.2315823
110,98557,20.68,D,never,sometimes,rarely,Yes,9.75344506
111,56888,71.53,B,frequently,sometimes,rarely,Sometimes,22.07674342
112,41006,31.84,D,frequently,sometimes,never,Never,8.260393397
113,61752,58.47,C,never,always,never,Never,20.76028483
114,13236,39.64,C,never,sometimes,rarely,Yes,16.32344832
115,51232,75.48,B,rarely,sometimes,always,Sometimes,15.27065024
116,29976,31.97,D,never,never,always,Yes,11.24388176
117,77799,37.87,C,never,sometimes,never,Never,9.04192039
118,80653,84.52,B,never,never,always,Yes,18.07477952
119,47777,18.99,F,rarely,always,always,Sometimes,11.83543038
120,82043,72.93,B,never,always,never,Never,21.47100096
121,27865,50.45,C,never,always,rarely,Never,15.46467052
122,32439,64.73,C,never,always,rarely,Sometimes,15.00592029
123,23362,32.42,D,never,never,never,Yes,11.10085724
124,48416,36.39,C,never,always,never,Never,10.97694061
125,14314,74.22,B,never,always,always,Yes,16.71174945
126,73068,60.68,C,never,always,always,Never,20.0764314
127,56041,54.17,C,never,never,never,Sometimes,20.2965219
128,76003,97.03,A,frequently,always,always,Sometimes,20.1512692
129,52944,1.38,F,never,always,rarely,Sometimes,8.670866495
130,46029,10.55,F,never,never,rarely,Sometimes,6.423800214
131,40361,68.8,B,never,sometimes,rarely,Yes,17.5756011
132,48770,65.11,B,rarely,sometimes,rarely,Sometimes,17.55512044
133,81126,74.49,B,never,always,rarely,Sometimes,18.26239116
134,66421,38.77,C,never,always,never,Never,10.10325214
135,47991,49.86,C,never,always,never,Sometimes,14.21588538
136,45679,65.09,B,never,sometimes,never,Yes,18.5721604
137,59276,86.06,B,frequently,always,rarely,Yes,19.31114579
138,55524,61.73,C,rarely,never,always,Never,12.81472278
139,79312,28.91,D,never,always,never,Never,8.180379387
140,53279,4.89,F,never,never,never,Sometimes,4.370208838
141,42738,35.4,C,never,always,rarely,Yes,9.565073078
142,35120,19.51,F,rarely,never,rarely,Never,11.66015441
143,92789,41.62,D,never,always,always,Yes,10.98523092
144,44374,17.47,F,never,sometimes,rarely,Sometimes,7.455634967
145,80473,43.29,C,never,sometimes,rarely,Never,17.95464297
146,13367,87.87,A,frequently,sometimes,never,Yes,18.30869953
147,44671,29.95,D,never,never,rarely,Sometimes,11.51718623
148,22420,7.05,F,rarely,sometimes,never,Never,3.554278039
149,88521,60.52,B,frequently,never,always,Never,17.39351161
150,73273,40.78,D,rarely,sometimes,always,Sometimes,9.386820515
151,43580,53.91,C,never,never,never,Never,20.38729212
152,81589,55.63,C,never,sometimes,always,Yes,16.92088478
153,46201,51.91,C,never,sometimes,never,Yes,12.17165197
154,88370,79.69,B,rarely,sometimes,rarely,Yes,16.90505442
155,86087,62.36,B,frequently,never,rarely,Sometimes,17.08155766
156,12106,13.18,F,never,never,never,Never,7.319250161
157,29876,37.57,C,never,sometimes,never,Never,14.84264289
158,62935,48.77,C,never,never,rarely,Sometimes,11.5898451
159,31609,22.02,D,never,sometimes,never,Sometimes,10.2659948
160,31436,70.18,B,rarely,sometimes,never,Never,16.74130941
161,86653,51.78,C,never,sometimes,rarely,Sometimes,12.06759036
162,58179,62.26,C,rarely,sometimes,rarely,Yes,21.12682809
163,21304,27.92,D,never,never,rarely,Never,11.17809608
164,65266,94.13,A,frequently,never,never,Never,26.31098504
165,56267,10.34,F,never,always,always,Never,7.770181573
166,42720,78.72,B,never,always,rarely,Sometimes,18.88721066
167,65143,27.81,F,never,never,always,Sometimes,12.76431592
168,63406,28,D,never,always,always,Never,13.82257574
169,25949,36.3,D,never,sometimes,always,Sometimes,12.28741724
170,51639,75.5,B,never,always,always,Sometimes,22.09765896
171,86177,31.22,D,never,never,never,Sometimes,9.075557579
172,71576,28.66,D,never,never,never,Sometimes,6.564393868
173,60872,33.88,D,never,always,never,Sometimes,14.2038135
174,44587,38.25,C,never,always,rarely,Sometimes,9.0535975
175,87470,65.58,C,never,always,always,Yes,22.58476638
176,25450,65.86,C,never,always,never,Never,17.38647887
177,32696,72.93,C,never,always,rarely,Never,21.26502209
178,75696,29.85,D,never,sometimes,never,Yes,13.2583165
179,62469,92.68,A,frequently,always,always,Yes,26.42525444
180,67309,37.01,C,never,sometimes,never,Never,9.061476957
181,90922,44.31,C,never,sometimes,never,Sometimes,17.54801026
182,11790,25.97,D,never,sometimes,always,Never,13.70680708
183,51402,13.16,F,never,never,rarely,Yes,5.650745296
184,63877,34.86,D,never,never,rarely,Never,16.45339965
185,46019,68.38,C,never,always,always,Yes,15.9277223
186,57346,80.64,B,never,always,rarely,Yes,18.66077619
187,76841,18.74,F,rarely,never,never,Yes,12.39716838
188,24870,39.64,C,never,sometimes,rarely,Never,10.51703226
189,69097,74.9,B,never,always,never,Yes,17.63656453
190,84434,23.3,F,never,never,always,Sometimes,9.471635646
191,91307,22.31,D,never,sometimes,rarely,Yes,4.794069402
192,59985,82.5,A,frequently,never,always,Sometimes,17.33853312
193,81598,68.08,C,never,always,rarely,Sometimes,22.68240351
194,12207,16.69,F,never,always,always,Yes,3.462194438
195,31125,97.51,A,rarely,never,always,Yes,26.14441646
196,85447,71.53,B,rarely,never,rarely,Yes,15.88513374
197,45412,69.15,C,never,always,never,Yes,20.50781962
198,84601,88,A,frequently,never,rarely,Never,20.99947928
199,79957,1.12,F,never,never,always,Never,6.62390099
200,24432,68.13,B,rarely,sometimes,never,Sometimes,14.10729526
201,89439,53.39,C,never,sometimes,never,Sometimes,13.49013876
202,90824,20.32,D,never,never,never,Never,8.671116464
203,61440,72.04,B,frequently,sometimes,always,Never,19.23144003
204,83596,83.94,B,never,always,always,Sometimes,19.08909675
205,64865,87.18,B,never,always,always,Sometimes,17.72495088
206,36917,27.9,D,frequently,never,rarely,Sometimes,8.415242616
207,36502,33.79,D,never,never,never,Never,13.40602406
208,55045,59.97,C,never,always,never,Yes,15.404426
209,63209,83.09,B,never,never,rarely,Sometimes,18.32299488
210,85079,60.17,C,never,never,rarely,Never,12.63696325
211,12899,26.68,F,never,sometimes,always,Yes,7.619023766
212,13790,48.33,C,never,never,never,Sometimes,11.59843625
213,75041,60.6,C,never,always,never,Yes,19.51762537
214,57269,13.31,F,never,sometimes,never,Never,4.545841234
215,95775,36.03,C,never,never,rarely,Yes,11.62368663
216,47199,30.13,D,frequently,sometimes,always,Yes,8.922268859
217,64153,41.01,C,never,never,never,Sometimes,12.09754338
218,41036,64.41,C,never,never,rarely,Never,20.94515623
219,23247,49.1,C,never,sometimes,always,Yes,14.87686059
220,44232,8.92,F,never,always,never,Never,1.873313255
221,49077,1.22,F,never,always,rarely,Never,6.891781469
222,16254,20.49,D,rarely,sometimes,never,Sometimes,9.318615172
223,23715,41.21,D,never,never,always,Never,9.396278144
224,33309,66.72,B,never,sometimes,rarely,Never,21.88883502
225,46086,65.98,B,never,always,never,Sometimes,19.41135313
226,23387,6.26,F,rarely,sometimes,never,Sometimes,5.587211522
227,35081,55.83,C,never,never,never,Never,17.88641815
228,83443,73.57,B,rarely,sometimes,always,Yes,24.33331442
229,89753,29.07,D,never,never,rarely,Sometimes,12.40268527
230,30797,53.1,C,always,sometimes,never,Never,19.86581457
231,49716,67.96,B,never,sometimes,always,Never,14.75401815
232,28012,45.67,C,never,always,always,Sometimes,13.11728064
233,52992,32.63,D,never,always,always,Yes,12.67827804
234,34593,49.24,C,never,always,always,Yes,15.414906
235,86332,13.11,F,never,never,rarely,Sometimes,6.760564833
236,58010,21.28,D,never,sometimes,never,Yes,8.728756879
237,31036,57.02,C,never,sometimes,always,Sometimes,20.14579109
238,73602,81.02,A,frequently,never,always,Yes,20.03787661
239,10544,42.15,D,rarely,sometimes,always,Sometimes,15.34686319
240,75483,34.73,D,rarely,never,never,Never,7.909336546
241,90017,41.72,D,never,never,always,Never,12.8695961
242,85762,81.42,B,never,always,rarely,Yes,18.32925117
243,96409,65.64,B,rarely,sometimes,never,Yes,17.1065589
244,43631,71.32,B,never,always,always,Yes,14.64503085
245,38231,79.7,B,never,always,always,Sometimes,17.15557567
246,46281,70.86,B,frequently,sometimes,never,Sometimes,23.30408932
247,97247,35.57,C,frequently,sometimes,never,Never,14.98033854
248,41094,24.76,D,never,always,never,Never,8.947764144
249,33772,77.94,B,never,never,always,Yes,17.40511324
250,55857,65.12,B,rarely,never,never,Sometimes,22.16183236
251,60986,74.12,B,rarely,sometimes,rarely,Never,24.23028435
252,65436,19.61,F,never,always,always,Sometimes,4.596041971
253,95132,72.06,B,never,always,never,Never,19.01633721
254,76029,42.85,D,never,sometimes,always,Never,12.84668091
255,23518,8.27,F,never,always,always,Never,4.299172582
256,50680,80.01,A,frequently,never,never,Yes,24.56110943
257,46516,63,C,never,never,never,Sometimes,21.70959927
258,90660,66.59,B,never,never,rarely,Never,15.33298034
259,80041,70.42,B,rarely,never,rarely,Never,15.17208054
260,74372,65.44,B,frequently,sometimes,rarely,Yes,19.62740824
261,94205,79.15,A,frequently,never,always,Never,15.86506088
262,69824,60.6,C,never,sometimes,always,Never,15.28218704
263,46666,57.71,C,never,always,rarely,Never,12.21932786
264,39443,67.53,B,never,always,always,Sometimes,22.19212042
265,43592,61.84,C,never,always,rarely,Yes,14.65923008
266,10288,39.96,C,never,always,never,Never,9.132474863
267,53890,47.8,C,never,never,rarely,Sometimes,15.32107587
268,39743,9.31,F,never,sometimes,rarely,Sometimes,2.971362543
269,57017,41.63,C,never,always,never,Never,12.51072163
270,27391,42.23,C,never,always,never,Sometimes,11.4615437
271,96929,85.52,A,rarely,never,rarely,Sometimes,25.39094699
272,52883,29.55,F,never,never,always,Yes,7.494531199
273,49324,70.81,B,never,never,always,Never,21.02429163
274,46932,46.84,C,never,sometimes,always,Yes,18.34023126
275,47565,11.78,F,never,sometimes,rarely,Yes,7.871248363
276,35502,56.54,C,never,sometimes,never,Never,17.19551523
277,94724,32.86,D,never,never,never,Never,10.66161802
278,26335,26.37,D,never,never,never,Sometimes,13.38123973
279,62649,44.56,C,never,never,rarely,Never,10.61036246
280,88769,46.36,C,never,always,rarely,Yes,15.22945606
281,26370,84.99,B,never,never,rarely,Yes,21.53235151
282,37244,43.62,C,never,always,rarely,Never,16.70059905
283,68484,75.47,B,rarely,never,never,Never,21.82445128
284,15923,67.56,B,frequently,sometimes,always,Yes,20.94443932
285,81439,45.64,C,never,sometimes,rarely,Yes,16.77532344
286,18389,15.39,F,never,always,always,Never,8.020241858
287,57146,47.63,C,never,always,rarely,Yes,10.12330839
288,64602,39.43,F,never,always,always,Never,17.87385234
289,29161,50.12,C,never,always,rarely,Never,14.55305844
290,85723,42.17,D,never,never,always,Sometimes,11.07115297
291,32279,61.94,C,never,sometimes,never,Yes,20.88775229
292,41711,81.6,A,frequently,never,always,Sometimes,19.62379197
293,10847,87.18,A,never,always,rarely,Yes,18.47760084
294,41073,48.34,C,never,always,never,Never,13.24744556
295,43511,12.77,F,rarely,sometimes,rarely,Sometimes,3.131313097
296,44473,19.73,F,never,sometimes,always,Never,5.645353713
297,83444,37.09,D,frequently,sometimes,always,Sometimes,15.92837129
298,62395,50.4,C,never,always,never,Never,17.63151614
299,39254,17.94,F,never,sometimes,never,Sometimes,13.36234567
300,93338,60.64,C,never,never,rarely,Never,13.05370447
301,78703,91.97,A,frequently,sometimes,never,Yes,23.38639242
302,27852,9.95,F,rarely,never,always,Sometimes,9.187643244
303,31166,30.24,D,never,sometimes,rarely,Never,10.14042439
304,17464,36.38,C,never,always,rarely,Yes,9.695041174
305,68228,45.63,C,never,never,rarely,Sometimes,10.46910354
306,88965,42.08,C,rarely,never,rarely,Yes,11.00488155
307,34890,51.13,C,never,always,always,Never,12.13059291
308,98665,64.12,C,never,sometimes,never,Sometimes,16.47373864
309,16402,64.32,C,never,sometimes,never,Yes,19.04071169
310,31784,31.25,D,never,sometimes,always,Sometimes,15.41339939
311,98774,54.42,C,never,sometimes,never,Sometimes,12.9911592
312,53021,7.16,F,never,sometimes,never,Yes,8.799495636
313,57706,4.34,F,rarely,always,rarely,Never,10.34716952
314,22008,45.63,C,never,sometimes,never,Sometimes,13.48499083
315,65383,86.65,A,never,never,never,Never,25.46330791
316,24693,47.99,C,never,sometimes,rarely,Yes,11.33680188
317,70445,61.9,C,never,sometimes,rarely,Sometimes,16.22812666
318,91220,45.71,C,never,always,rarely,Yes,10.66006631
319,83170,25.89,F,never,never,always,Yes,5.372339457
320,17602,71.56,B,frequently,sometimes,never,Never,23.10118584
321,35016,56.76,C,never,always,never,Sometimes,14.38182077
322,31836,56.18,C,never,always,always,Sometimes,16.1264546
323,96840,73.14,B,never,always,never,Sometimes,15.84751377
324,56493,21.61,F,never,never,always,Yes,11.82160162
325,88766,70.51,B,rarely,sometimes,never,Yes,18.22229357
326,38589,14.71,F,never,always,never,Sometimes,5.173834077
327,21130,43.42,D,never,never,always,Yes,11.43892515
328,80096,37.03,C,rarely,sometimes,never,Sometimes,13.99285677
329,66073,40.2,D,frequently,sometimes,always,Never,8.745378815
330,79291,53.18,C,never,sometimes,never,Yes,20.27125795
331,48933,31.53,D,never,always,rarely,Sometimes,7.810773118
332,22119,69.61,C,never,always,never,Yes,17.10039427
333,71489,51.6,C,never,never,always,Never,20.24514466
334,21605,14.64,F,rarely,sometimes,always,Yes,11.91439485
335,78710,98.97,A,frequently,always,never,Yes,21.74034638
336,63046,39.94,D,never,always,always,Yes,8.497708941
337,16243,57.47,C,never,sometimes,rarely,Sometimes,16.6936881
338,51439,93.09,A,frequently,always,always,Yes,28.06509231
339,50303,53.95,C,never,sometimes,always,Never,13.95037789
340,91584,46.37,C,never,always,rarely,Sometimes,16.03716282
341,86090,11.29,F,never,always,rarely,Never,7.37529362
342,26331,58.38,C,never,never,rarely,Sometimes,21.00854388
343,76607,73.08,B,frequently,sometimes,never,Yes,20.70877844
344,82885,37.93,D,never,always,always,Never,9.311714221
345,48595,64.64,C,never,always,rarely,Never,15.91148654
346,77659,71.43,B,never,never,always,Sometimes,21.68951334
347,46271,45.4,C,never,never,rarely,Never,16.28073513
348,20550,18.44,F,never,always,never,Sometimes,5.653029137
349,96789,52.53,C,never,never,rarely,Sometimes,19.21744084
350,65239,23.33,D,never,never,always,Never,10.29846687
351,46486,11.83,F,never,always,rarely,Yes,6.950840536
352,46478,52.31,C,never,always,rarely,Never,15.7070493
353,90055,92.26,A,never,always,always,Sometimes,20.14449027
354,49687,93.97,A,never,sometimes,never,Never,24.41864526
355,56444,33.01,D,never,always,rarely,Never,12.24615403
356,22997,7.19,F,never,sometimes,always,Never,1.696466857
357,57225,85.19,A,frequently,sometimes,rarely,Sometimes,26.67016393
358,60462,65.96,B,frequently,never,rarely,Sometimes,21.31750006
359,78608,47.45,C,never,always,rarely,Never,18.27369375
360,27277,82.35,A,frequently,sometimes,never,Yes,24.72681046
361,95390,97.28,A,frequently,always,never,Never,23.47055261
362,52029,38.91,C,never,always,rarely,Sometimes,15.57285481
363,39130,41.65,D,never,sometimes,always,Yes,17.10432606
364,82608,77.89,B,never,always,always,Never,20.67381757
365,82359,11.82,F,never,always,rarely,Yes,3.983915392
366,79915,62.28,C,never,never,rarely,Never,19.96925119
367,40810,40.08,D,rarely,sometimes,always,Sometimes,9.20157822
368,29059,47.21,C,rarely,never,rarely,Never,11.48573267
369,26940,34.92,D,never,sometimes,rarely,Yes,11.54623378
370,19816,29.98,D,never,sometimes,never,Sometimes,7.972361552
371,96367,63.66,C,never,sometimes,never,Yes,15.13003156
372,31553,10.61,F,rarely,always,rarely,Sometimes,7.311996918
373,11016,88.78,A,never,never,always,Yes,23.02557312
374,59796,71.24,B,never,never,always,Yes,15.6599802
375,61318,52.36,C,never,sometimes,always,Never,14.05249169
376,63073,12.38,F,never,sometimes,rarely,Yes,3.06126004
377,16874,22.39,D,never,sometimes,always,Never,7.584795684
378,86726,42.15,D,never,always,always,Sometimes,9.316394533
379,98084,57.71,C,never,sometimes,never,Yes,12.26096469
380,39822,23.96,D,never,sometimes,never,Sometimes,13.28918543
381,97233,60.2,C,never,sometimes,rarely,Never,13.09523385
382,26990,42.34,C,never,sometimes,rarely,Sometimes,17.77878727
383,97428,71.75,B,never,always,never,Sometimes,18.71702105
384,69290,25.47,D,never,always,rarely,Never,11.28006047
385,44958,15.23,F,never,never,always,Yes,12.20837096
386,84727,29.47,D,never,never,rarely,Yes,14.30573689
387,34806,73.54,B,never,always,always,Yes,23.73550601
388,88125,49.46,C,never,never,never,Sometimes,17.4734542
389,11211,76.66,B,never,never,never,Sometimes,24.0262602
390,49552,3.68,F,never,never,always,Never,8.164225211
391,75942,82.33,B,never,always,always,Yes,24.2106594
392,71774,43.97,C,never,always,rarely,Yes,16.85060588
393,32502,23.22,D,never,always,rarely,Yes,11.94339074
394,62597,45.77,C,never,sometimes,never,Sometimes,10.86793755
395,32306,83.91,B,never,always,always,Yes,22.19743223
396,74453,50.36,C,never,sometimes,never,Yes,10.38788842
397,67849,12.29,F,never,always,never,Sometimes,5.735579399
398,26769,27.88,D,never,sometimes,rarely,Yes,7.027584061
399,88593,58.43,C,never,sometimes,never,Sometimes,21.20141275
400,99579,62.8,C,rarely,sometimes,never,Never,21.6208981
401,19846,26.42,D,never,always,never,Never,10.49613017
402,42481,20.92,D,never,sometimes,never,Never,8.232015624
403,60535,80.75,B,rarely,never,rarely,Yes,18.78230194
404,24404,70.88,B,never,sometimes,always,Yes,18.32522799
405,89587,95.57,A,frequently,sometimes,rarely,Never,23.05847582
406,60889,41.19,D,frequently,never,always,Never,15.77614288
407,87229,54.49,C,never,never,always,Sometimes,17.53951625
408,69880,86.43,A,frequently,sometimes,never,Never,17.62068901
409,20855,35.06,C,never,sometimes,rarely,Never,15.99722619
410,48221,19.74,F,rarely,sometimes,always,Yes,13.22641579
411,77165,14.41,F,rarely,sometimes,always,Sometimes,4.088843392
412,14741,44.69,D,never,always,always,Never,9.954498476
413,58272,56.64,C,never,sometimes,always,Yes,17.86181225
414,58931,66.78,B,frequently,sometimes,never,Yes,22.64821514
415,85497,50.2,C,never,never,rarely,Sometimes,14.24959019
416,82998,41.63,C,never,never,never,Sometimes,15.66181386
417,36347,18.24,F,never,always,rarely,Yes,6.771035827
418,76718,44.96,C,never,always,rarely,Never,16.89640761
419,20225,4.94,F,frequently,never,never,Yes,5.205165308
420,28748,36.58,C,never,always,never,Yes,15.42894274
421,47187,78.83,B,frequently,sometimes,rarely,Yes,21.89105464
422,36269,60.54,C,never,never,never,Never,13.51239095
423,51981,12.37,F,rarely,sometimes,never,Never,7.592511659
424,66104,22.1,F,frequently,never,always,Sometimes,4.970550467
425,71279,93.11,A,frequently,always,never,Never,27.70248122
426,34162,80.72,B,never,sometimes,always,Yes,25.7163198
427,98457,50.52,C,never,sometimes,never,Yes,13.99618314
428,61491,33.11,D,never,always,rarely,Sometimes,13.24110976
429,54269,20.64,D,never,always,rarely,Sometimes,6.03459974
430,90568,50.13,C,never,sometimes,rarely,Sometimes,11.05994468
431,15971,97.85,A,frequently,never,never,Never,26.91514436
432,19142,41.89,C,never,sometimes,always,Sometimes,13.26725142
433,99229,59.69,C,never,always,rarely,Sometimes,15.74057662
434,13673,36.77,D,never,sometimes,always,Yes,11.57016234
435,70138,56.26,C,never,always,rarely,Sometimes,18.1418733
436,53343,39.03,C,never,sometimes,rarely,Sometimes,17.15819972
437,25270,34.78,D,never,never,never,Never,16.00885093
438,96820,46.59,C,frequently,sometimes,never,Yes,15.00076318
439,49928,85.48,A,frequently,never,never,Never,26.40810449
440,18043,33.44,D,never,sometimes,never,Yes,10.66895533
441,38623,86.24,A,never,sometimes,never,Sometimes,19.24410964
442,16821,53.01,C,never,never,rarely,Yes,10.7773629
443,39063,52.07,C,never,never,rarely,Never,15.60414633
444,17025,64.57,C,never,sometimes,never,Yes,18.93470011
445,27530,43.17,D,rarely,sometimes,always,Never,13.14553154
446,15692,24.2,D,never,always,rarely,Sometimes,7.584289148
447,38596,23.97,D,never,always,always,Sometimes,7.648721043
448,22635,55,C,never,always,rarely,Yes,13.28937809
449,27742,8.03,F,never,never,always,Never,8.838641927
450,40135,13.38,F,never,never,never,Yes,12.07210325
451,52635,50.96,C,never,sometimes,never,Yes,10.35954028
452,11621,71.85,B,never,always,always,Yes,20.49188076
453,77397,45.69,C,never,never,always,Sometimes,17.79514566
454,26112,11.06,F,never,never,never,Never,10.05700411
455,95956,40.02,C,never,always,never,Never,14.53426414
456,53469,3.17,F,rarely,sometimes,never,Yes,6.863865002
457,18851,23.92,D,never,always,never,Never,5.51442009
458,50254,44.76,D,never,never,always,Yes,17.24866417
459,39150,51.55,C,never,never,always,Yes,12.75911134
460,75175,43.35,C,never,always,never,Never,9.357250511
461,25028,43.72,C,never,sometimes,always,Yes,11.75190839
462,78397,23.82,F,frequently,never,always,Never,6.409951229
463,21894,71.3,B,never,always,never,Yes,20.94271685
464,59443,26.12,D,never,always,rarely,Yes,13.86135039
465,62877,43.74,C,never,never,never,Yes,11.76479112
466,56954,34,D,never,always,rarely,Yes,10.41790009
467,20891,7.7,F,frequently,never,rarely,Never,10.79336848
468,56131,33.87,D,never,never,never,Sometimes,16.12714191
469,47520,47,C,never,always,never,Sometimes,13.54118682
470,80599,17.83,F,never,never,rarely,Yes,10.15165112
471,94686,65.85,B,frequently,sometimes,never,Never,22.6959933
472,60163,98.87,A,frequently,sometimes,rarely,Yes,28.34837511
473,56445,6.05,F,never,always,always,Yes,10.5324366
474,96625,23.61,D,never,always,never,Sometimes,14.07996894
475,95494,33.25,D,never,always,never,Yes,13.26279827
476,31765,58.71,C,never,always,rarely,Never,12.22180374
477,76010,81.58,B,rarely,sometimes,rarely,Sometimes,25.41526038
478,30046,38.2,C,never,sometimes,rarely,Yes,17.32258379
479,72996,87.11,A,rarely,sometimes,always,Never,27.08096718
480,45438,25.5,D,never,sometimes,rarely,Yes,12.9040599
481,93232,47.33,C,frequently,never,rarely,Yes,15.08652128
482,46225,54.55,C,never,always,rarely,Sometimes,20.87827004
483,66017,72.82,B,rarely,never,never,Sometimes,24.278827
484,66754,67.51,B,rarely,sometimes,always,Yes,19.76888497
485,14193,41.55,C,never,sometimes,never,Yes,14.40883378
486,58207,53.01,C,never,sometimes,never,Sometimes,16.31509798
487,91959,56.57,B,frequently,never,never,Yes,12.42745886
488,74708,53.05,C,rarely,sometimes,always,Sometimes,19.50655972
489,48140,49.54,C,never,always,always,Never,11.90693531
490,99684,76.88,B,never,always,always,Never,24.81934486
491,73741,39.65,C,never,always,never,Never,10.51636118
492,78524,52.63,C,never,sometimes,never,Sometimes,16.37380399
493,36367,64.84,C,never,always,rarely,Never,13.29857071
494,91963,84.3,B,never,always,always,Sometimes,21.71271967
495,90151,56.47,C,never,never,always,Never,12.34205031
496,13991,51.04,C,never,always,rarely,Never,15.92214265
497,39423,21.59,D,never,sometimes,rarely,Never,4.687341411
498,85149,41.38,D,never,never,always,Never,9.80315279
499,57536,87.62,A,frequently,sometimes,never,Yes,24.91581986
500,28366,86.2,A,never,sometimes,never,Yes,19.22740884
501,97235,36.4,D,never,always,always,Yes,14.20771927
502,52450,67.9,B,rarely,sometimes,rarely,Never,17.7705638
503,40545,14.78,F,never,never,rarely,Sometimes,12.86383274
504,35961,17.43,F,never,always,never,Sometimes,13.35795579
505,39960,41.24,C,rarely,never,never,Yes,12.75029754
506,24867,41.21,C,never,never,rarely,Never,11.53153421
507,20526,41.77,D,never,sometimes,always,Sometimes,13.18506071
508,33387,50.53,C,never,sometimes,always,Sometimes,18.85119189
509,28744,10.65,F,rarely,never,never,Never,3.423134773
510,65198,82.62,B,rarely,sometimes,never,Never,17.57998168
511,73939,49.36,C,never,never,never,Yes,12.96161881
512,78490,53.4,C,never,always,always,Sometimes,15.87098914
513,52040,8.68,F,never,sometimes,rarely,Sometimes,3.277812862
514,44894,72.94,B,never,sometimes,rarely,Sometimes,17.01322438
515,24047,18.87,F,never,never,rarely,Never,9.207897981
516,29334,43.53,D,never,always,always,Sometimes,13.78154387
517,99132,42.01,D,rarely,never,always,Sometimes,14.08978629
518,66067,71.39,B,never,never,always,Sometimes,15.95812651
519,59151,70.4,B,never,always,always,Sometimes,22.44049256
520,36074,34.92,D,never,sometimes,rarely,Yes,10.36645658
521,37665,50.02,C,never,always,always,Never,11.01727696
522,47692,95.33,A,frequently,always,rarely,Yes,19.87182642
523,49388,31.3,D,frequently,sometimes,always,Never,9.389397715
524,54370,23.12,D,never,never,never,Never,14.43375165
525,15411,85.32,A,frequently,never,always,Never,23.83283668
526,60518,42.4,C,never,never,always,Yes,11.66157923
527,10174,17.55,F,never,never,always,Never,12.03276106
528,28737,53.52,C,never,never,always,Yes,19.46872236
529,49645,62.34,C,never,sometimes,always,Never,14.50391937
530,67880,53.46,C,never,always,never,Sometimes,11.02436451
531,53333,36.56,C,never,always,never,Yes,13.55554875
532,82019,83.2,B,frequently,never,always,Sometimes,25.93071394
533,33579,92.01,A,never,never,never,Never,26.89062412
534,70025,36.91,C,never,always,rarely,Sometimes,7.549868964
535,74995,76.95,B,never,never,always,Never,24.12186985
536,96887,30.47,D,never,always,always,Sometimes,9.850779889
537,47056,53.11,C,never,always,always,Never,12.56632843
538,89632,29.06,D,never,sometimes,never,Sometimes,14.77572044
539,25944,91.34,A,never,sometimes,rarely,Never,20.9532621
540,17220,68.27,B,rarely,sometimes,always,Yes,20.15110398
541,28887,80.24,A,frequently,never,always,Yes,17.28550536
542,39788,19.9,F,never,always,rarely,Never,6.239130816
543,31890,98.6,A,frequently,sometimes,always,Never,28.42674273
544,52544,28.82,D,never,always,rarely,Sometimes,10.00356728
545,31490,20.75,D,never,never,rarely,Yes,11.88550092
546,75414,94.51,A,frequently,sometimes,rarely,Sometimes,25.63414212
547,12414,66.66,B,rarely,never,never,Yes,16.16489133
548,85043,21.37,D,never,sometimes,always,Never,11.33503911
549,60358,63.34,C,never,always,always,Sometimes,21.26112303
550,33316,45.64,C,never,always,always,Never,10.36996516
551,92890,53.39,B,frequently,never,always,Never,20.39868243
552,94650,94.89,A,frequently,never,never,Sometimes,19.92525284
553,14313,31.31,D,never,never,rarely,Never,14.04511157
554,79091,47.25,C,never,always,never,Yes,14.76005413
555,92722,6.09,F,never,always,never,Yes,7.607598076
556,49329,36.03,D,never,always,always,Yes,7.212263668
557,10638,3.08,F,never,sometimes,never,Yes,9.018872221
558,90896,95.42,A,never,never,always,Never,24.77013842
559,28107,69.42,B,rarely,never,always,Sometimes,23.26031565
560,97735,71.55,B,never,always,always,Sometimes,16.70336245
561,20950,39.48,C,never,always,never,Never,14.77946444
562,71658,49.51,C,never,sometimes,rarely,Never,19.81009593
563,16108,46.09,C,never,sometimes,never,Never,10.2857196
564,49265,31.81,D,never,always,always,Never,7.551219316
565,56560,40.96,C,never,always,never,Sometimes,10.29894985
566,15653,22.13,D,never,always,never,Never,9.978884291
567,53532,81.04,B,never,always,never,Never,23.72005712
568,45592,40.61,C,never,sometimes,never,Yes,10.8356858
569,78964,58.18,C,never,always,always,Sometimes,17.99408559
570,60235,41.84,C,never,always,never,Never,11.27616674
571,92574,8.25,F,never,always,never,Never,10.6028125
572,22095,5.19,F,never,sometimes,always,Sometimes,10.7105425
573,15328,63.97,C,never,sometimes,always,Never,18.54032705
574,87216,74.48,B,never,sometimes,rarely,Never,18.93855647
575,82400,72.62,B,never,always,always,Yes,23.61332626
576,55618,31.53,D,never,never,always,Yes,12.78376601
577,46140,8.43,F,never,sometimes,never,Never,10.96193067
578,83289,52.26,C,never,always,rarely,Sometimes,15.20326894
579,69723,43.25,C,never,sometimes,never,Yes,14.27801525
580,23495,69.86,C,never,always,always,Sometimes,18.93846666
581,77947,98.06,A,frequently,sometimes,rarely,Never,25.02492554
582,20788,24.88,F,never,always,always,Sometimes,9.008023484
583,57663,84.23,B,rarely,never,always,Yes,18.62798518
584,19043,88.26,A,rarely,sometimes,rarely,Sometimes,21.8660248
585,36341,78.21,B,never,always,rarely,Yes,17.18704814
586,29927,22.01,D,never,always,rarely,Sometimes,6.392108325
587,83189,29.94,F,never,always,always,Yes,9.378161134
588,91149,15.87,F,never,sometimes,never,Sometimes,10.60956683
589,94762,39.35,C,never,never,never,Sometimes,14.4868983
590,31770,85.65,A,never,never,always,Yes,20.04353687
591,18060,42.87,D,never,always,always,Yes,16.9245649
592,55420,58.51,C,never,always,rarely,Yes,13.49797519
593,44920,36.77,F,never,always,always,Sometimes,14.27020484
594,46572,26.03,F,never,always,always,Yes,8.116609553
595,85514,25.56,D,never,always,rarely,Never,5.159509184
596,62176,54.04,B,frequently,sometimes,rarely,Never,14.0415756
597,82705,67.48,C,never,always,never,Yes,23.18831637
598,17012,4.28,F,rarely,sometimes,never,Sometimes,9.978092114
599,71423,39.02,C,never,always,never,Never,14.12452034
600,80389,18.8,F,never,sometimes,never,Yes,8.126981958
601,93762,5.99,F,never,sometimes,rarely,Yes,10.85182262
602,24852,49.23,C,never,sometimes,always,Yes,13.87414931
603,71850,7.58,F,never,never,rarely,Yes,7.472804617
604,26642,45.86,C,never,never,always,Sometimes,18.96733428
605,34166,63.52,B,frequently,never,never,Never,14.59315213
606,96349,53.91,C,never,always,rarely,Sometimes,14.09156958
607,75373,54.3,C,never,always,always,Sometimes,12.57983862
608,80315,39.72,C,frequently,sometimes,never,Sometimes,13.38874242
609,45868,74.15,B,never,always,never,Never,21.19790713
610,17456,55.4,C,never,never,rarely,Sometimes,19.11955144
611,34633,29.98,F,never,sometimes,always,Yes,14.74263459
612,80489,46.51,C,never,sometimes,always,Yes,10.24752018
613,17103,73.86,B,frequently,sometimes,never,Never,15.40908746
614,31808,56.22,C,never,always,always,Yes,19.1118449
615,79968,82.05,B,never,sometimes,never,Sometimes,20.59206477
616,23813,50.74,C,never,sometimes,rarely,Sometimes,16.50727211
617,35743,51.28,C,never,always,never,Never,17.11916757
618,51221,49.36,C,never,sometimes,never,Yes,10.49091918
619,24946,84.18,B,never,always,never,Yes,18.2194346
620,64689,70.66,B,never,sometimes,always,Never,15.91196414
621,91914,90.73,A,frequently,never,rarely,Sometimes,18.37005904
622,38928,92.54,A,never,sometimes,never,Sometimes,24.69593456
623,80666,69.3,B,never,always,always,Sometimes,14.32353898
624,20909,29.56,D,never,sometimes,always,Sometimes,8.480799348
625,37931,35.16,C,never,always,never,Never,16.38762981
626,67838,60.46,C,never,never,never,Yes,15.88938344
627,52474,75.85,B,frequently,never,never,Never,16.49832612
628,41508,25.74,F,never,always,always,Never,14.11154462
629,81634,44.5,C,rarely,sometimes,never,Sometimes,12.31959113
630,46748,98.64,A,frequently,sometimes,never,Sometimes,20.70879917
631,76430,72.41,B,frequently,sometimes,rarely,Never,18.55385305
632,71873,39.83,C,never,sometimes,rarely,Sometimes,14.18275719
633,50979,56.13,C,never,never,always,Sometimes,16.82070348
634,29889,91.8,A,frequently,always,rarely,Sometimes,27.32466717
635,76483,34.87,D,never,always,always,Sometimes,8.940928656
636,24861,25.36,D,never,sometimes,never,Sometimes,6.435661552
637,67385,46.16,C,never,never,never,Sometimes,16.37542812
638,40917,51.34,B,frequently,never,rarely,Never,16.99728844
639,46048,41.38,D,frequently,never,always,Yes,9.808115706
640,57965,37.5,C,never,never,rarely,Sometimes,11.17403978
641,97935,61.23,C,never,always,rarely,Never,17.85101253
642,68054,9.05,F,never,always,rarely,Sometimes,5.08762204
643,75290,53.03,B,frequently,never,never,Sometimes,16.680985
644,20238,88.24,A,frequently,sometimes,always,Never,19.93811759
645,82432,87.94,B,frequently,always,always,Never,21.50239723
646,26506,80.31,B,rarely,sometimes,always,Sometimes,22.84861691
647,43105,71.82,B,frequently,sometimes,never,Never,18.83465278
648,70883,23.74,F,never,sometimes,always,Never,11.29269034
649,69715,32.67,D,never,never,rarely,Sometimes,14.35378345
650,18016,9.53,F,rarely,never,never,Never,3.950715567
651,90181,61.74,C,never,never,rarely,Sometimes,14.66702869
652,20713,49.73,C,never,always,rarely,Sometimes,17.38902096
653,96733,48.95,C,never,always,never,Yes,15.50745159
654,83599,97.72,A,frequently,never,rarely,Sometimes,25.19944026
655,22068,80.02,B,never,always,always,Yes,18.42984161
656,21135,89.66,B,frequently,always,rarely,Sometimes,21.04102766
657,29899,83.14,B,never,never,always,Never,26.05794948
658,87578,55.45,C,never,never,always,Yes,16.14283759
659,97846,63.58,C,never,always,always,Never,19.44205618
660,80647,59.93,C,never,sometimes,rarely,Sometimes,19.02129371
661,54924,97.17,A,frequently,never,always,Sometimes,28.45576128
662,99572,20.17,F,never,sometimes,always,Never,4.902674903
663,23328,43.1,C,rarely,sometimes,never,Sometimes,9.548202425
664,95578,45.98,C,rarely,sometimes,never,Sometimes,16.07728311
665,84573,36.2,D,never,never,always,Never,7.755827832
666,71984,15.87,F,never,sometimes,rarely,Sometimes,5.452722674
667,89487,52.92,C,never,sometimes,never,Yes,11.13440612
668,66368,25.59,D,never,sometimes,never,Sometimes,5.629688967
669,40391,80.65,B,never,always,always,Sometimes,17.29214886
670,19255,86.15,A,frequently,never,always,Yes,22.34453867
671,36497,16.12,F,never,never,never,Yes,5.253250893
672,15531,25.82,D,never,never,never,Never,13.52058176
673,40978,37.54,C,never,always,never,Yes,9.373265598
674,78288,8.74,F,never,never,always,Yes,5.563464701
675,88337,28.14,D,never,always,never,Yes,9.46462282
676,91553,67.41,C,never,always,rarely,Yes,16.3644829
677,15044,18.02,F,rarely,sometimes,rarely,Yes,7.413611844
678,84920,42.79,C,never,always,never,Never,12.06703348
679,32788,56.66,C,never,never,rarely,Never,19.50869467
680,57784,64.25,C,never,always,always,Never,20.30478732
681,29767,34.24,D,never,always,never,Sometimes,7.467304394
682,24375,59.83,C,never,always,rarely,Sometimes,18.57328104
683,10844,40.23,C,never,always,never,Sometimes,17.74604004
684,29858,95.06,A,rarely,never,never,Yes,26.60766479
685,86538,78,B,never,always,always,Sometimes,25.02141395
686,99766,26.67,D,never,always,rarely,Yes,11.93069697
687,59285,28.09,F,never,always,always,Yes,6.841229975
688,92758,96.21,A,frequently,always,never,Yes,26.87791826
689,32588,50.6,C,never,always,never,Yes,15.90973265
690,81647,32.3,D,never,sometimes,never,Yes,6.604269215
691,97928,48.99,C,never,sometimes,never,Yes,18.05098938
692,99865,5.68,F,rarely,always,never,Sometimes,7.961691494
693,16430,32.33,D,never,always,rarely,Yes,10.72417417
694,84963,58.14,C,never,never,rarely,Sometimes,21.42949973
695,74952,8.83,F,rarely,always,rarely,Sometimes,7.709692112
696,68775,81.37,B,never,sometimes,rarely,Yes,21.8375799
697,70780,72.84,B,frequently,sometimes,never,Yes,21.21183977
698,61265,52.02,C,never,never,always,Sometimes,20.38176095
699,19972,50.5,C,never,always,rarely,Yes,19.39955908
700,35816,66.46,C,never,always,rarely,Never,21.68344321
701,39845,95.16,A,frequently,never,never,Sometimes,28.49160938
702,68645,42.46,C,never,always,rarely,Yes,11.60148986
703,28865,42.27,C,never,never,never,Never,13.5893099
704,47141,51.28,C,never,never,rarely,Yes,18.87607588
705,58671,34.01,D,never,always,rarely,Never,7.924426761
706,87651,17.2,F,never,sometimes,never,Sometimes,7.037675548
707,74926,56.21,C,rarely,never,never,Yes,13.02752103
708,13031,2.69,F,never,always,rarely,Never,7.265282773
709,70017,45.02,C,never,sometimes,always,Never,9.600472595
710,79333,40.84,C,never,always,never,Never,15.91349498
711,71369,13.48,F,never,never,never,Sometimes,2.899330591
712,56461,92.1,A,frequently,never,never,Sometimes,23.76814278
713,60977,76.06,B,never,always,rarely,Yes,21.73805909
714,31407,51.01,C,never,sometimes,always,Sometimes,14.67845695
715,74889,45.8,C,never,sometimes,rarely,Sometimes,14.73927351
716,83915,43.53,D,never,never,always,Never,16.82854813
717,23634,82.39,B,never,always,rarely,Never,22.7430437
718,82208,19.75,F,never,never,rarely,Sometimes,6.469682071
719,98741,51.34,C,never,never,always,Yes,11.51715235
720,98789,78.94,B,frequently,sometimes,never,Never,16.12806309
721,81779,40.29,C,never,always,never,Yes,12.15265246
722,91664,56.51,C,never,never,rarely,Yes,21.15928209
723,46501,52.33,C,rarely,sometimes,never,Yes,16.36371862
724,86097,43.78,D,never,always,always,Never,15.05207245
725,80476,92.57,A,never,sometimes,always,Yes,22.02180511
726,54845,69.76,B,frequently,sometimes,never,Sometimes,14.06645957
727,75943,54.29,C,never,sometimes,rarely,Never,16.3620168
728,93968,78.66,B,never,always,always,Never,21.8317967
729,77046,3.7,F,never,sometimes,never,Never,3.407933321
730,99769,37.5,C,never,always,rarely,Never,14.66623969
731,13154,84.56,B,never,never,never,Never,22.37711644
732,53414,38.19,C,never,sometimes,never,Never,15.65407768
733,63349,89.91,A,frequently,never,rarely,Sometimes,18.55828789
734,36633,67.59,C,never,always,never,Yes,22.31325024
735,49578,36.6,D,never,never,always,Sometimes,16.33199307
736,86191,18.47,F,frequently,never,always,Sometimes,13.3532179
737,94868,57.48,C,never,never,never,Never,12.60501131
738,86774,15.99,F,never,always,always,Never,10.20303131
739,14431,47.32,C,never,always,rarely,Yes,19.22836014
740,18889,74.56,B,frequently,sometimes,never,Yes,23.55726961
741,97207,44.76,C,never,always,never,Sometimes,17.69373751
742,49743,27.71,D,never,sometimes,never,Yes,13.55435242
743,46045,33.94,D,never,sometimes,rarely,Never,13.15885662
744,51835,48.48,C,never,always,always,Sometimes,18.92988869
745,43297,84.8,B,frequently,never,rarely,Yes,17.81272001
746,92711,26.27,D,rarely,sometimes,rarely,Yes,15.14594285
747,90982,40.02,D,frequently,never,always,Never,10.56743046
748,24744,19.23,F,never,sometimes,always,Sometimes,13.44901597
749,17868,62.29,C,never,never,always,Never,17.6919722
750,42723,30.56,D,frequently,sometimes,always,Never,9.709639098
751,36121,46.07,C,frequently,never,rarely,Never,12.88723593
752,22116,71.92,B,rarely,never,never,Never,17.26882524
753,29758,49.46,C,never,sometimes,always,Never,16.20558977
754,88841,69.84,C,never,always,rarely,Sometimes,15.95042452
755,38984,59.7,C,rarely,never,rarely,Never,17.67972607
756,23507,17.42,F,rarely,sometimes,rarely,Never,11.38087109
757,83533,95.76,A,never,always,always,Sometimes,22.30084012
758,69220,31.59,F,never,sometimes,always,Yes,6.499665288
759,45987,17.29,F,rarely,sometimes,rarely,Yes,10.79042605
760,56454,34.1,D,rarely,sometimes,always,Yes,8.763091669
761,83638,92.11,A,frequently,sometimes,rarely,Never,19.3381195
762,78780,61.26,C,never,never,always,Never,15.93649436
763,15230,33.53,D,never,always,always,Sometimes,13.13797058
764,71724,8.7,F,rarely,never,always,Sometimes,6.594721837
765,30840,77.79,B,never,always,never,Yes,24.98894546
766,50827,40.14,C,never,always,never,Never,9.293535387
767,72152,75.33,B,rarely,sometimes,never,Yes,21.33117283
768,54090,17.64,F,never,never,always,Yes,11.80703661
769,83605,35.99,D,never,always,always,Yes,9.56657265
770,75487,78.31,B,never,always,never,Yes,18.46884913
771,53869,34.09,D,never,always,never,Sometimes,12.49378716
772,59896,69.91,B,never,always,always,Yes,15.95225252
773,18442,20.76,D,never,sometimes,never,Never,9.59947923
774,66815,51.97,C,never,always,rarely,Never,10.87851079
775,62300,68.76,B,never,sometimes,never,Yes,18.92693238
776,62337,56.81,C,never,always,never,Sometimes,16.18625947
777,44907,17.61,F,never,always,rarely,Sometimes,10.60657632
778,48878,60.95,C,never,sometimes,never,Yes,17.5173709
779,63644,72.81,C,never,always,always,Never,19.65128544
780,59013,29.18,D,never,sometimes,never,Yes,7.170805277
781,75452,51.92,C,never,never,rarely,Sometimes,17.50360959
782,42268,66.14,C,never,always,never,Never,18.79174916
783,94084,54.96,C,never,never,always,Yes,19.57560572
784,16489,18.5,F,never,sometimes,rarely,Yes,8.244731877
785,58408,32.61,D,never,never,rarely,Yes,15.50401892
786,51697,63.48,C,never,always,rarely,Yes,16.59478524
787,15963,84.61,B,never,always,always,Never,21.6009497
788,32217,41.68,C,never,sometimes,always,Sometimes,16.8374212
789,90972,33.65,D,never,never,rarely,Yes,7.872759947
790,48057,27.16,D,never,sometimes,rarely,Yes,5.718377242
791,67680,47.91,C,never,never,never,Never,9.702831742
792,41724,62.15,C,never,sometimes,always,Never,16.09166713
793,81429,69.96,B,rarely,never,rarely,Never,15.5170993
794,67134,21.86,D,never,never,never,Sometimes,9.374459316
795,99410,12.25,F,rarely,sometimes,always,Yes,11.45745215
796,22566,28.04,D,never,always,never,Yes,8.168119503
797,89857,86.67,A,frequently,sometimes,always,Yes,23.91571474
798,28852,29.96,D,never,never,always,Yes,10.20770264
799,67231,64.96,C,never,sometimes,rarely,Yes,15.96163408
800,43550,55.7,C,never,always,always,Sometimes,19.11092603
801,38883,26.7,F,never,always,always,Sometimes,6.157070871
802,13084,64.79,C,never,sometimes,never,Sometimes,20.79680534
803,33526,93.03,A,never,always,always,Never,20.92922408
804,37182,65.24,B,frequently,sometimes,always,Sometimes,22.84324766
805,94206,59.93,C,never,always,always,Sometimes,12.51092478
806,49195,11.88,F,rarely,never,always,Never,7.494468381
807,27610,67.53,C,never,always,rarely,Never,15.33880063
808,59043,34.41,D,never,never,never,Sometimes,8.254381486
809,81484,67.37,C,never,always,never,Never,20.34537686
810,90369,44.15,C,frequently,sometimes,rarely,Never,9.732921143
811,87227,31.18,D,never,sometimes,rarely,Sometimes,8.704409834
812,61443,14.66,F,rarely,always,rarely,Sometimes,9.522169214
813,52896,66,C,never,always,always,Yes,22.82493196
814,38113,59.22,C,never,always,never,Sometimes,14.37603304
815,20230,4.56,F,rarely,sometimes,never,Yes,3.000195609
816,64043,42.27,C,never,sometimes,never,Never,8.79898845
817,53937,61.86,C,never,never,never,Yes,15.14076023
818,71100,52,C,never,never,rarely,Yes,14.40144607
819,93279,69.61,B,rarely,sometimes,always,Sometimes,19.36715065
820,18168,37.74,D,never,always,always,Sometimes,15.33655782
821,97989,24.64,D,never,always,always,Sometimes,9.378772328
822,61008,82.89,B,never,sometimes,never,Yes,26.14535639
823,10668,50.89,C,never,always,never,Yes,17.48167829
824,93021,66.44,B,frequently,sometimes,rarely,Yes,20.56621908
825,89975,59.33,C,never,never,rarely,Yes,19.54661618
826,16973,45.13,C,never,sometimes,never,Yes,9.027658101
827,29008,55.39,C,never,never,never,Yes,19.98972022
828,96704,60.2,C,never,always,rarely,Yes,16.47842064
829,31394,61.34,C,never,never,never,Never,17.23474739
830,13634,27.09,D,never,always,always,Sometimes,10.27942414
831,35566,57.01,C,never,sometimes,never,Sometimes,17.18153988
832,24859,28.83,D,never,sometimes,never,Yes,8.138322837
833,51061,81.49,B,never,always,rarely,Sometimes,16.85736367
834,22788,49.48,C,never,always,rarely,Never,17.18498461
835,56663,58.74,C,never,never,always,Sometimes,15.85389368
836,98185,41.93,D,never,sometimes,always,Yes,15.371958
837,64054,41.26,D,never,never,always,Sometimes,14.9572554
838,75814,17.91,F,never,always,always,Sometimes,5.632936716
839,97106,93.24,A,never,always,never,Sometimes,26.95962112
840,59419,87.4,B,never,always,never,Yes,27.44558632
841,98941,8.48,F,never,sometimes,never,Sometimes,5.476354483
842,44388,59.52,C,never,sometimes,rarely,Sometimes,14.96217771
843,58817,74.9,B,never,sometimes,rarely,Yes,24.27285976
844,29113,79.2,B,never,never,never,Yes,20.18738549
845,79620,22.36,F,never,sometimes,always,Yes,5.481580204
846,47510,43.29,C,never,always,never,Sometimes,12.55908106
847,86480,52.43,C,never,always,rarely,Never,17.59101383
848,59734,44.02,C,never,never,never,Yes,9.962543241
849,13849,18.88,F,rarely,always,always,Never,6.125565744
850,63674,54.39,C,never,always,rarely,Never,15.94683638
851,96764,36.83,D,never,sometimes,always,Never,13.99218085
852,13626,69.61,B,rarely,sometimes,always,Never,18.64341949
853,76028,55.53,C,never,never,rarely,Yes,18.95217958
854,42006,31.53,D,never,always,rarely,Never,16.26394703
855,47500,75.5,B,rarely,never,rarely,Yes,22.81866878
856,51296,24.77,F,never,always,always,Yes,10.73165357
857,17761,94.69,A,frequently,always,never,Sometimes,19.17875931
858,40523,45.44,C,frequently,never,rarely,Never,17.24776746
859,25942,11.72,F,frequently,sometimes,always,Sometimes,3.760517613
860,65674,47.22,C,never,sometimes,rarely,Never,9.512754586
861,20555,2.12,F,rarely,never,always,Never,8.114063959
862,10045,70.76,B,rarely,sometimes,always,Yes,18.06364343
863,47119,77.55,B,rarely,never,always,Yes,16.22346269
864,97051,94.89,A,frequently,never,always,Yes,25.7040212
865,76539,58.97,C,never,always,rarely,Yes,12.49035001
866,90096,26.89,D,never,always,rarely,Never,9.778391195
867,65434,53.13,C,frequently,sometimes,never,Sometimes,11.05615572
868,21159,54.98,C,never,always,never,Never,20.35769327
869,28462,85.06,A,never,sometimes,rarely,Sometimes,24.6463507
870,19232,19.79,F,never,never,always,Yes,11.23648895
871,43727,95,A,frequently,never,always,Never,22.60959519
872,55324,44.12,C,never,never,rarely,Sometimes,10.92035848
873,36932,79.62,B,rarely,never,rarely,Sometimes,17.54627951
874,84509,77.33,A,frequently,sometimes,rarely,Sometimes,24.10178636
875,79026,31.37,D,never,always,always,Never,10.85513202
876,38848,30.81,D,never,always,never,Sometimes,6.895515869
877,35915,22.31,D,never,always,always,Yes,5.06440011
878,99429,67.09,C,never,always,rarely,Never,16.06234581
879,67360,34.63,D,rarely,never,never,Never,11.97099235
880,50479,67.03,B,rarely,sometimes,never,Sometimes,18.44077347
881,38809,36.38,D,never,sometimes,always,Never,10.17376298
882,54437,23.17,D,rarely,never,never,Sometimes,8.986963357
883,62893,76.24,B,rarely,never,rarely,Never,19.9822632
884,25779,67.36,B,rarely,sometimes,rarely,Sometimes,20.94145863
885,84665,88.7,B,never,always,always,Sometimes,26.62001155
886,35558,71.76,B,rarely,never,never,Yes,14.99026293
887,18429,34.84,D,never,always,rarely,Never,15.9781282
888,71128,75.34,B,rarely,sometimes,rarely,Yes,19.80245965
889,14233,40.84,C,never,always,never,Sometimes,11.33831767
890,97202,25.56,D,never,sometimes,never,Never,6.435494501
891,86495,7.09,F,rarely,never,always,Never,2.206878247
892,11412,40.78,D,never,sometimes,always,Yes,13.42235382
893,59023,44.66,C,never,always,rarely,Yes,10.09793743
894,20881,47.37,C,never,sometimes,never,Sometimes,10.52738675
895,98961,82.06,B,never,never,always,Never,18.8280098
896,63281,75.07,B,never,never,rarely,Never,24.19938108
897,20336,42.67,C,never,sometimes,never,Yes,11.54851407
898,95429,53.55,C,never,never,never,Sometimes,12.82312038
899,10980,14.4,F,rarely,always,rarely,Yes,4.445003772
900,42078,10.66,F,never,always,always,Sometimes,5.636169488
901,18384,53.74,C,never,sometimes,always,Yes,16.51946226
902,30410,35.32,F,never,always,always,Sometimes,11.73963215
903,91498,13.01,F,never,always,always,Yes,7.164232087
904,38297,32.57,D,never,always,never,Never,9.279464317
905,92540,29.26,D,never,always,never,Never,12.04296587
906,70489,8.54,F,never,sometimes,always,Yes,3.173221976
907,69884,61.16,C,never,sometimes,rarely,Never,16.98483838
908,93774,43.64,C,never,never,never,Never,18.63607678
909,85811,49.83,C,frequently,never,never,Yes,17.71010396
910,92429,34.13,D,never,always,rarely,Yes,11.49144512
911,33274,91.15,A,never,always,never,Never,21.67287099
912,97487,71.6,B,never,always,always,Sometimes,21.10935124
913,92222,4.64,F,never,always,never,Never,3.892842352
914,39589,49.31,C,never,always,never,Yes,18.28829796
915,36407,70.36,B,rarely,sometimes,always,Sometimes,20.50772758
916,94050,24.63,D,never,sometimes,rarely,Sometimes,7.116466109
917,78042,36.61,D,never,never,always,Yes,12.29757283
918,92953,37.69,D,never,never,always,Sometimes,12.41991153
919,45657,42.87,D,never,sometimes,always,Never,18.23214213
920,16082,81.74,B,rarely,never,never,Never,19.99836262
921,27558,42.21,C,frequently,never,never,Yes,16.20665384
922,89823,48.92,C,never,always,never,Sometimes,16.58623483
923,93183,79.85,B,never,always,rarely,Never,25.7535524
924,68032,76.82,B,never,sometimes,always,Sometimes,21.86551719
925,51492,61.43,C,never,always,always,Yes,18.01523015
926,83625,66.78,B,frequently,never,always,Never,14.21653303
927,59598,31.56,D,never,never,rarely,Yes,14.76059111
928,27678,81.84,B,never,always,never,Yes,22.0911177
929,26108,52.06,C,never,never,never,Sometimes,18.21559501
930,49401,43.21,C,never,always,rarely,Never,18.54675946
931,75134,52.53,C,never,never,always,Sometimes,18.17781979
932,99172,23.93,D,never,sometimes,never,Yes,11.7025483
933,32161,62.54,C,never,always,rarely,Sometimes,20.2907921
934,77708,65.11,B,frequently,sometimes,rarely,Sometimes,13.18440785
935,83023,73.31,B,never,never,never,Yes,22.73685947
936,26793,46.39,C,rarely,never,rarely,Sometimes,13.78285041
937,77134,97.43,A,frequently,never,rarely,Sometimes,26.10652217
938,61115,42.31,C,rarely,never,rarely,Yes,13.7837204
939,21297,94.14,A,rarely,never,rarely,Yes,28.34762969
940,92629,45.37,C,never,always,never,Sometimes,15.54491727
941,38767,62.8,C,never,sometimes,rarely,Never,17.59232232
942,46971,36,C,never,sometimes,never,Sometimes,12.54905478
943,30767,51.03,C,never,always,rarely,Sometimes,13.04677181
944,54789,41.19,C,never,never,rarely,Never,12.54882804
945,51037,38.96,C,never,never,never,Sometimes,10.00982913
946,71072,67.39,C,never,always,rarely,Sometimes,15.60251409
947,59126,73.11,B,rarely,sometimes,rarely,Yes,20.65062635
948,24989,62.7,C,never,sometimes,rarely,Yes,21.40500238
949,49840,91.81,A,never,always,never,Yes,21.75603901
950,67948,63.2,C,never,always,never,Never,19.12974105
951,51111,40.35,C,never,always,rarely,Never,15.34242013
952,56238,78.15,B,never,always,always,Sometimes,25.44854998
953,92970,4.24,F,rarely,always,rarely,Yes,3.412803062
954,98982,73.14,B,never,always,always,Yes,20.29807252
955,49486,59.96,C,never,sometimes,rarely,Yes,13.38152878
956,40043,53.67,C,never,sometimes,always,Never,19.88715141
957,74345,38.82,C,never,always,never,Sometimes,14.45261274
958,59752,69.21,B,never,never,always,Sometimes,14.82412825
959,39553,46.52,C,never,never,always,Sometimes,12.33592256
960,85650,89.67,B,frequently,always,rarely,Never,18.06914915
961,14356,88.64,B,never,always,always,Yes,23.22463284
962,33589,72.48,B,never,never,never,Yes,21.55593199
963,77904,34.63,D,never,always,never,Yes,7.394960465
964,48807,84.43,B,never,sometimes,never,Sometimes,19.07893684
965,59501,46.76,C,never,always,rarely,Yes,11.23472486
966,14922,37.55,C,never,sometimes,never,Sometimes,12.75338356
967,62850,87.28,A,frequently,never,rarely,Sometimes,23.87995682
968,32195,49.56,C,never,always,never,Sometimes,16.97768925
969,60719,58.76,C,never,always,always,Sometimes,14.14265863
970,34512,39.91,C,never,always,rarely,Sometimes,12.57722666
971,22074,43.44,C,never,sometimes,rarely,Sometimes,13.10216916
972,78146,45.21,C,never,always,never,Sometimes,13.38607779
973,97762,37.64,C,never,never,rarely,Sometimes,9.461900104
974,21167,43.72,D,never,never,always,Sometimes,18.17525471
975,44275,73.87,B,frequently,sometimes,always,Yes,23.03950754
976,16424,9.71,F,never,always,rarely,Never,7.733180008
977,29193,71.19,B,frequently,sometimes,rarely,Never,14.90253252
978,39183,89.77,A,frequently,sometimes,rarely,Yes,18.67737253
979,18966,73.27,B,frequently,never,rarely,Sometimes,19.98834685
980,61935,83.57,B,frequently,never,never,Never,25.18415715
981,31303,13.25,F,rarely,never,always,Never,6.095545677
982,60964,69.72,B,rarely,sometimes,rarely,Sometimes,23.70408426
983,33972,47.39,C,never,always,never,Never,12.99520747
984,32252,67.24,C,never,always,always,Yes,22.29656583
985,68425,57.91,C,never,always,rarely,Yes,15.11292887
986,67226,6.79,F,frequently,sometimes,rarely,Never,2.115954479
987,12971,28.25,D,never,always,always,Yes,8.346477266
988,37225,26.59,D,rarely,sometimes,rarely,Sometimes,13.61379775
989,92967,59.39,C,never,always,always,Sometimes,18.99629884
990,43209,84.65,B,never,sometimes,always,Never,20.84981593
991,98444,74.12,B,never,never,rarely,Yes,19.30665667
992,53026,69.82,C,never,always,never,Sometimes,19.21189896
993,46517,65.99,C,never,always,always,Yes,17.77166197
994,13103,39.45,C,never,never,rarely,Sometimes,13.93208809
995,11241,40.27,C,never,always,rarely,Never,12.04786815
996,48451,38.28,D,never,never,always,Sometimes,7.978057807
997,29716,3.53,F,rarely,sometimes,always,Yes,7.894562171
998,17459,43.81,C,never,always,rarely,Never,17.73408923
999,86108,59.99,B,frequently,sometimes,always,Sometimes,16.71525356
1000,84168,31.41,D,never,sometimes,rarely,Sometimes,12.65824868
1001,69172,69.71,B,frequently,never,never,Yes,19.96235381
1002,26944,87.09,A,frequently,sometimes,rarely,Never,17.75776101
1003,33366,28.81,F,never,never,always,Yes,12.46665495
1004,36635,66.59,B,never,never,always,Sometimes,18.77551371
1005,82150,73.92,B,never,never,rarely,Yes,19.64213842
1006,87433,8.19,F,rarely,sometimes,always,Never,3.163081657
1007,75436,53.61,C,never,always,rarely,Never,12.83147023
1008,65448,54.83,C,never,sometimes,rarely,Sometimes,17.63564125
1009,18935,19.59,F,never,never,never,Sometimes,10.35426882
1010,98766,49.46,C,never,sometimes,always,Yes,10.53089489
1011,75542,9.7,F,rarely,sometimes,rarely,Sometimes,7.556491151
1012,58837,70.31,B,never,sometimes,rarely,Yes,16.50107558
1013,96341,44.18,C,frequently,never,never,Never,11.39400762
1014,95137,49.67,C,never,always,never,Yes,14.27103106
1015,88560,88.03,A,frequently,never,always,Sometimes,23.56531747
1016,72371,21.13,D,never,never,always,Yes,4.925020305
1017,60618,40.83,C,never,always,always,Yes,13.38508686
1018,47424,95.24,A,never,never,rarely,Never,20.8422722
1019,88217,54.71,C,never,sometimes,always,Yes,18.07546176
1020,64369,41.43,C,never,never,never,Never,9.25684055
1021,90135,6.41,F,never,always,rarely,Yes,1.46354037
1022,61825,92.47,A,frequently,always,always,Never,21.4944307
1023,22514,20.96,F,never,never,always,Never,12.67730167
1024,57714,79.44,B,rarely,never,never,Never,20.7067175
1025,43858,65.09,B,never,never,never,Yes,21.06708949
1026,28930,4.87,F,never,sometimes,rarely,Yes,2.299976432
1027,11104,90.96,A,frequently,sometimes,always,Sometimes,19.38221604
1028,42808,56.62,C,never,always,always,Sometimes,20.04361608
1029,37761,24.21,D,never,sometimes,never,Never,14.30126647
1030,80380,49.67,C,never,never,always,Sometimes,15.41996924
1031,28411,22.64,F,never,sometimes,always,Never,9.251741973
1032,69936,54.71,C,never,sometimes,always,Sometimes,18.24353054
1033,37748,59.85,C,never,always,always,Never,19.22517044
1034,59767,42.37,C,rarely,sometimes,never,Yes,10.11277871
1035,72555,97.51,A,never,always,never,Yes,20.61385475
1036,23141,74.71,B,never,sometimes,rarely,Yes,20.19323379
1037,82620,66.71,B,never,never,never,Sometimes,20.30447411
1038,44865,21.95,D,never,never,rarely,Sometimes,7.519457526
1039,50993,20.56,D,never,sometimes,rarely,Yes,6.72215859
1040,75179,97.57,A,frequently,never,rarely,Yes,28.10025782
1041,62288,59.32,C,never,sometimes,rarely,Never,17.60887153
1042,90111,54.68,C,never,sometimes,always,Never,19.37721421
1043,19917,31.8,D,never,sometimes,always,Never,15.6285885
1044,74098,66.69,B,never,never,always,Sometimes,16.1911608
1045,79597,53.41,C,never,never,rarely,Yes,17.86088899
1046,65791,5.08,F,never,sometimes,never,Never,2.00609854
1047,75762,25.87,D,rarely,sometimes,always,Sometimes,9.979667105
1048,18002,42.66,C,never,never,never,Sometimes,9.528068281
1049,80139,61.17,C,never,sometimes,always,Never,17.94140238
1050,31285,38.01,C,never,always,rarely,Never,13.11395476
1051,42826,62.99,B,frequently,sometimes,never,Never,12.91273314
1052,98155,39.7,D,never,always,always,Never,15.46283019
1053,48900,12.77,F,never,always,always,Yes,6.590493984
1054,72778,74.06,B,rarely,sometimes,never,Sometimes,19.43011984
1055,14348,16.45,F,never,never,never,Sometimes,3.416056934
1056,46754,89.06,A,frequently,never,never,Sometimes,18.18496702
1057,69054,23.04,D,never,always,never,Yes,7.852688509
1058,90582,70.77,B,rarely,sometimes,always,Never,22.59393394
1059,21510,25.46,D,never,never,never,Yes,5.191498539
1060,75307,18.53,F,never,sometimes,never,Never,8.687482495
1061,23782,75.78,B,frequently,never,always,Yes,17.13513515
1062,68504,69.89,B,frequently,never,always,Yes,16.71391438
1063,60218,7.99,F,never,sometimes,rarely,Never,10.07002791
1064,47162,63.58,C,never,always,never,Never,16.07411171
1065,14078,30.42,D,frequently,sometimes,rarely,Sometimes,10.39997426
1066,92799,83.8,B,never,always,always,Yes,18.71699224
1067,39247,5.5,F,never,sometimes,always,Yes,5.175301413
1068,89124,45.72,C,never,always,never,Sometimes,16.54862785
1069,51898,44.03,D,never,never,always,Yes,16.91921148
1070,12393,92.94,A,frequently,sometimes,always,Yes,26.93903823
1071,73543,95.32,A,frequently,always,always,Sometimes,28.67402963
1072,21432,76.49,B,rarely,never,never,Yes,23.81411023
1073,45276,66.11,B,frequently,sometimes,rarely,Never,20.06942269
1074,78489,5.55,F,rarely,sometimes,never,Sometimes,7.138206344
1075,21556,15.68,F,never,always,never,Never,11.87051431
1076,98841,63.51,C,never,never,never,Yes,21.16576317
1077,98792,62.06,C,never,never,never,Never,15.97145677
1078,26323,67.9,B,never,never,never,Sometimes,20.072159
1079,63771,26.06,D,never,sometimes,never,Sometimes,9.744822906
1080,92329,24.06,D,never,always,rarely,Sometimes,14.66437736
1081,17503,84.23,B,never,always,rarely,Never,19.59522202
1082,99832,61.42,C,rarely,sometimes,rarely,Sometimes,12.9315432
1083,25526,51.08,C,never,always,always,Never,11.88895534
1084,67066,22.75,D,never,never,rarely,Never,13.38392961
1085,25418,55.03,B,frequently,sometimes,rarely,Sometimes,11.49887288
1086,52452,55.99,C,never,sometimes,never,Sometimes,11.4562205
1087,77140,52.95,C,never,sometimes,rarely,Sometimes,13.79260421
1088,52333,72.6,B,never,always,rarely,Sometimes,16.37819331
1089,47925,55.27,C,rarely,never,always,Never,17.10628545
1090,20626,67.68,C,never,always,always,Sometimes,13.76145943
1091,21901,7.18,F,never,sometimes,always,Sometimes,3.136079038
1092,66669,16.89,F,never,sometimes,always,Never,11.61904532
1093,15434,18.46,F,never,always,never,Never,6.104419643
1094,50605,87.39,A,never,never,never,Sometimes,23.5746734
1095,13937,12.83,F,never,always,rarely,Never,11.57168536
1096,25089,12.32,F,never,always,always,Never,8.527003223
1097,19941,24.12,D,never,never,never,Yes,6.849487425
1098,44946,19.83,F,never,always,never,Never,7.809975251
1099,59885,98.79,A,frequently,sometimes,rarely,Never,27.26919633
1100,81568,83.02,B,rarely,sometimes,rarely,Yes,17.24749581
1101,81517,16.32,F,never,never,never,Never,7.446079018
1102,10022,39.1,C,never,always,never,Yes,12.00587042
1103,60642,87.77,A,frequently,sometimes,always,Never,26.20858169
1104,72448,86.57,A,frequently,sometimes,always,Never,23.87350442
1105,42153,17.49,F,never,never,always,Yes,10.49596031
1106,51730,71.91,B,rarely,never,rarely,Sometimes,15.07062967
1107,16527,32.44,D,never,sometimes,never,Never,9.502013576
1108,67918,82.78,B,never,always,rarely,Sometimes,20.40999562
1109,90830,69.16,B,never,sometimes,rarely,Sometimes,16.3737304
1110,61282,58.74,C,never,never,rarely,Sometimes,20.53781725
1111,58844,36.38,C,never,never,never,Never,11.31837524
1112,58088,70.57,B,never,sometimes,rarely,Sometimes,21.25481307
1113,38579,62.69,C,never,never,never,Yes,17.53015605
1114,31642,28.47,D,rarely,sometimes,never,Never,12.74355268
1115,53615,29.42,F,never,never,always,Never,10.83501579
1116,85460,3.47,F,never,always,always,Never,6.453018036
1117,95903,37.85,C,never,sometimes,rarely,Never,10.37859311
1118,19644,74.23,B,never,sometimes,rarely,Sometimes,17.75364737
1119,21857,80.55,B,never,always,rarely,Never,19.73816411
1120,61904,15.19,F,never,sometimes,always,Sometimes,5.589643359
1121,65894,29.84,D,never,always,never,Yes,8.468969584
1122,39266,65.61,C,never,always,never,Never,18.13007072
1123,26018,50.06,C,never,always,rarely,Yes,13.17178764
1124,20222,40.34,D,never,sometimes,always,Never,8.572174619
1125,97491,68.94,B,rarely,sometimes,never,Never,19.24876943
1126,87169,74.12,B,never,always,never,Yes,15.23708582
1127,31419,98.6,A,frequently,sometimes,rarely,Never,29.36181908
1128,84486,37.19,D,never,never,always,Never,12.96621333
1129,25305,40.03,C,never,always,never,Yes,15.40075368
1130,63758,92.67,A,frequently,always,always,Sometimes,19.71416521
1131,95268,27.34,F,rarely,sometimes,always,Never,10.430252
1132,69741,63.66,C,never,always,rarely,Never,22.4020422
1133,90051,62.4,C,never,always,never,Never,17.46699594
1134,64246,56.67,C,never,never,always,Yes,20.47650541
1135,28641,54.96,C,never,always,rarely,Yes,11.93287963
1136,32314,70.93,B,never,never,rarely,Yes,14.61634481
1137,74407,57.58,C,rarely,sometimes,never,Sometimes,17.41145313
1138,61801,91.44,A,never,never,never,Yes,21.2745813
1139,89531,35.09,D,never,never,always,Yes,7.46729228
1140,15811,85.99,A,frequently,sometimes,never,Never,21.25098308
1141,57597,61.78,C,never,sometimes,always,Yes,20.74800238
1142,13177,69.08,B,frequently,sometimes,always,Never,16.49545053
1143,56256,66.82,B,rarely,never,always,Sometimes,15.81098393
1144,12432,74.14,B,never,sometimes,always,Never,20.03894808
1145,25023,64.84,C,never,always,never,Sometimes,14.12703593
1146,51894,61.69,C,never,never,never,Yes,19.2444467
1147,62449,17.13,F,rarely,never,never,Yes,13.34125077
1148,67126,76.99,B,never,always,never,Yes,24.18121506
1149,74696,40.13,C,never,always,never,Sometimes,13.587732
1150,49698,68.49,B,rarely,never,rarely,Yes,17.88650055
1151,83710,56.47,C,never,always,never,Yes,13.1608413
1152,47857,50.83,C,never,always,never,Yes,15.91494398
1153,89323,58.48,C,never,sometimes,never,Never,21.48387818
1154,76950,67.28,B,never,sometimes,never,Sometimes,15.2737824
1155,14900,15.63,F,never,never,rarely,Sometimes,10.38567327
1156,60885,61.35,C,never,never,always,Sometimes,14.64855197
1157,73375,8.49,F,rarely,sometimes,rarely,Yes,9.909977778
1158,92483,61.26,C,never,always,rarely,Sometimes,17.1040179
1159,67338,2.38,F,rarely,always,never,Yes,5.534505994
1160,73801,4.44,F,never,always,rarely,Never,6.657792269
1161,30809,88.14,B,frequently,always,rarely,Yes,23.7299571
1162,14262,47.47,C,never,sometimes,always,Sometimes,14.24541697
1163,62881,32.97,D,never,never,always,Never,12.81237562
1164,33729,61.52,C,never,always,always,Yes,15.3830163
1165,53918,19.58,F,rarely,sometimes,always,Yes,8.696580362
1166,74287,50.54,C,never,always,rarely,Sometimes,14.81882324
1167,60173,33.24,D,never,always,always,Yes,7.696558608
1168,14386,49.15,C,never,never,always,Never,18.88438105
1169,88738,69.86,C,never,always,rarely,Sometimes,23.39555267
1170,52359,29.13,F,never,never,always,Never,13.56896894
1171,19321,60.51,C,never,never,never,Yes,12.18076166
1172,16621,91.93,A,never,always,rarely,Yes,25.30811498
1173,80403,58.26,C,never,always,never,Sometimes,18.8803278
1174,62099,62.42,C,never,never,always,Yes,17.29948147
1175,82683,45.01,C,never,sometimes,always,Never,10.20983907
1176,45812,42.67,C,never,never,rarely,Never,14.46249691
1177,99902,65.95,C,never,always,rarely,Never,18.67501049
1178,46991,59.76,C,never,always,always,Sometimes,19.68119508
1179,12928,88.28,B,never,always,rarely,Yes,26.08244546
1180,33944,63.39,B,frequently,never,never,Sometimes,21.11601061
1181,57530,77.69,A,frequently,never,always,Never,17.83603326
1182,93032,8.3,F,never,always,never,Sometimes,6.745710699
1183,37509,68.13,B,frequently,sometimes,never,Never,21.37402431
1184,11423,25.93,F,never,always,always,Yes,10.05248367
1185,73619,56.19,C,never,always,always,Never,17.76664229
1186,49721,62.32,C,never,always,always,Sometimes,16.59612974
1187,64594,93.82,A,rarely,never,rarely,Sometimes,23.9075719
1188,33978,83.05,B,frequently,sometimes,never,Never,19.31792872
1189,69573,29.15,D,rarely,never,rarely,Sometimes,15.06711294
1190,41990,53.59,C,never,always,never,Never,20.52268709
1191,60094,40.82,C,never,sometimes,rarely,Never,17.30681372
1192,67440,12.33,F,never,always,always,Yes,9.519547692
1193,86984,90.86,A,frequently,never,rarely,Sometimes,25.65481057
1194,73748,55.96,B,frequently,never,rarely,Never,20.24839478
1195,52985,47.61,C,never,always,rarely,Sometimes,19.12003651
1196,46489,50.94,B,frequently,sometimes,never,Yes,18.24929777
1197,54701,56.54,C,never,sometimes,rarely,Sometimes,19.26672885
1198,95765,89.15,A,rarely,never,never,Never,22.51958501
1199,17504,48.25,C,rarely,sometimes,rarely,Never,9.884502347
1200,23790,90,A,frequently,never,never,Yes,24.33890864
1201,26698,73.44,B,never,sometimes,always,Never,24.34616324
1202,21451,79.22,B,never,always,never,Sometimes,24.65378534
1203,39020,62.46,C,never,never,rarely,Sometimes,20.85051383
1204,93431,44.45,C,never,never,rarely,Sometimes,11.46554034
1205,56087,8.04,F,never,never,never,Sometimes,8.243310792
1206,88696,50.84,C,never,always,rarely,Sometimes,13.2759421
1207,75575,56.69,C,never,sometimes,always,Yes,18.10858471
1208,12912,62.74,C,never,never,always,Yes,19.18010092
1209,92007,56.3,C,never,never,always,Sometimes,14.00106447
1210,68754,64.2,C,never,never,rarely,Never,19.61750903
1211,66469,68.17,B,never,always,rarely,Sometimes,21.0548135
1212,39216,55.35,C,never,always,always,Yes,11.36215178
1213,50584,23.86,D,never,never,never,Never,10.8230498
1214,83205,89.42,A,rarely,never,never,Yes,21.24006658
1215,71159,79.07,A,frequently,never,never,Never,17.70762424
1216,12688,94.01,A,rarely,never,rarely,Yes,20.52934441
1217,49374,72.07,B,never,never,always,Sometimes,18.17213461
1218,72102,90.87,A,rarely,never,always,Yes,20.20886928
1219,49281,38.83,C,never,always,rarely,Yes,9.223971141
1220,67875,57.07,C,never,sometimes,rarely,Never,19.64660086
1221,41402,58.01,C,never,never,never,Never,16.23610034
1222,82630,51.67,C,never,always,rarely,Yes,14.38349175
1223,56638,38.77,D,never,never,always,Yes,10.82283957
1224,36918,38.31,C,never,sometimes,never,Sometimes,17.23384076
1225,62777,67.12,B,rarely,never,never,Yes,21.78066603
1226,38868,80.65,B,never,always,rarely,Yes,22.80573533
1227,33927,27.45,F,never,sometimes,always,Yes,6.93475071
1228,89739,59.29,C,never,always,never,Sometimes,14.73017472
1229,34646,72.01,B,rarely,never,always,Never,14.89350351
1230,80187,86.76,A,frequently,sometimes,rarely,Sometimes,26.08053289
1231,55554,98.06,A,frequently,sometimes,always,Never,19.73567612
1232,73108,14.35,F,never,sometimes,always,Yes,4.239096828
1233,56945,31,D,never,never,always,Sometimes,10.34978073
1234,25123,78,B,never,always,never,Sometimes,19.33295454
1235,75579,33.15,D,never,sometimes,always,Never,12.44818039
1236,24546,48.22,C,never,always,rarely,Yes,18.13006124
1237,61755,39.44,C,never,sometimes,never,Never,12.80266726
1238,15273,46.78,C,never,sometimes,always,Sometimes,16.17680866
1239,64911,38.9,D,never,always,always,Never,13.60006927
1240,52771,40.05,C,never,always,never,Never,12.5135448
1241,96193,8.74,F,never,always,never,Never,7.093836082
1242,81917,49.52,C,never,always,never,Yes,13.77549403
1243,50146,61.23,C,never,sometimes,never,Yes,13.98135109
1244,73952,27.75,D,rarely,never,rarely,Sometimes,9.065536482
1245,50379,72.23,B,never,sometimes,always,Never,18.5453436
1246,77517,85.13,B,never,always,never,Never,17.19710097
1247,27634,3.48,F,never,never,rarely,Yes,5.573751924
1248,95017,49.95,C,never,never,always,Sometimes,12.39471503
1249,28894,59.46,C,never,never,rarely,Never,17.25303169
1250,39716,63.88,C,rarely,sometimes,never,Sometimes,21.53860686
1251,44320,62.01,B,frequently,sometimes,rarely,Yes,15.78743139
1252,23762,77.2,B,rarely,never,always,Never,22.21288091
1253,20443,28.91,D,never,always,rarely,Yes,6.237369805
1254,26433,51.63,C,rarely,never,never,Sometimes,15.48650852
1255,38167,66.05,B,never,never,never,Sometimes,16.57544303
1256,48604,56.13,C,never,never,always,Sometimes,18.45854497
1257,46091,53.25,C,never,sometimes,never,Yes,14.67596551
1258,47799,56.92,C,never,sometimes,never,Yes,14.5328469
1259,38734,49.33,C,never,sometimes,never,Sometimes,19.78012695
1260,29292,13.12,F,rarely,sometimes,always,Yes,12.23486812
1261,96110,51.07,B,frequently,sometimes,rarely,Never,11.06287766
1262,36674,69.59,B,rarely,sometimes,never,Never,20.75653195
1263,90716,28.49,D,never,sometimes,never,Sometimes,13.88002609
1264,16611,89.28,B,never,always,rarely,Sometimes,20.49570955
1265,55862,56.15,C,rarely,never,rarely,Sometimes,12.11981469
1266,23986,7.53,F,never,always,always,Never,7.428531853
1267,15300,75.39,B,never,always,always,Sometimes,18.28647493
1268,26203,42.87,C,never,sometimes,never,Sometimes,16.19611614
1269,99588,80.96,A,frequently,sometimes,never,Yes,18.9953732
1270,30100,73.28,B,never,sometimes,never,Never,15.38337219
1271,35086,38,C,never,never,never,Yes,12.03291366
1272,97610,64.86,C,never,never,always,Sometimes,14.12448677
1273,10019,33.5,D,never,never,rarely,Yes,12.48822501
1274,32910,83.37,B,rarely,never,never,Sometimes,22.98451081
1275,21177,98.51,A,frequently,sometimes,always,Sometimes,23.17378517
1276,26281,88.39,A,rarely,sometimes,never,Never,27.08124893
1277,25567,48.92,C,never,always,rarely,Never,11.70299251
1278,85053,13.97,F,never,always,always,Yes,6.347761872
1279,21346,52.32,C,never,always,never,Never,12.22390866
1280,34291,46.86,C,rarely,sometimes,never,Yes,16.31976139
1281,50522,51.33,C,never,sometimes,always,Never,11.92376234
1282,75420,33.67,D,never,sometimes,always,Yes,10.16707353
1283,17846,61.82,C,never,sometimes,never,Yes,17.05994978
1284,88264,62.86,C,never,never,never,Sometimes,19.57103148
1285,45761,35.02,C,never,always,rarely,Sometimes,10.27275153
1286,70327,46.91,C,never,sometimes,always,Sometimes,14.99137361
1287,11331,16.38,F,never,sometimes,always,Never,6.200574434
1288,73436,72.74,B,never,always,rarely,Sometimes,21.63236649
1289,64698,67.99,B,never,always,never,Never,16.38119347
1290,71723,92.11,A,never,always,always,Yes,19.95728709
1291,40233,66.27,C,never,always,always,Yes,19.88575209
1292,50590,41.65,C,never,never,never,Yes,8.870218763
1293,38495,59.64,C,never,sometimes,always,Sometimes,14.87689281
1294,56672,86.33,B,never,always,never,Never,23.4762152
1295,89280,60.65,B,frequently,sometimes,rarely,Yes,20.98496629
1296,24490,31.6,D,never,never,rarely,Sometimes,9.277030023
1297,57008,93.22,A,frequently,always,never,Yes,19.86067412
1298,26340,26.98,D,never,sometimes,never,Never,8.047452299
1299,59609,42.56,C,never,sometimes,never,Yes,17.68953693
1300,87300,27.24,F,never,sometimes,always,Yes,14.30220186
1301,97897,83.62,B,rarely,never,rarely,Sometimes,18.36486072
1302,90674,80.1,B,rarely,never,never,Sometimes,17.42662324
1303,36144,20.22,D,never,sometimes,rarely,Never,10.91567738
1304,79146,18.18,F,frequently,never,always,Sometimes,4.054663002
1305,14161,19.82,F,never,never,always,Never,5.828717111
1306,26691,80.01,B,rarely,never,rarely,Sometimes,23.1256674
1307,33572,64.98,C,never,sometimes,never,Sometimes,22.15297467
1308,18766,38.77,C,never,never,rarely,Sometimes,10.35548772
1309,59182,36.62,C,never,always,rarely,Sometimes,10.03764844
1310,36158,32.59,D,rarely,sometimes,always,Never,15.10189712
1311,37471,46.33,C,never,always,never,Sometimes,13.64437832
1312,46945,2.11,F,never,sometimes,rarely,Yes,1.780976592
1313,37432,44.72,D,never,sometimes,always,Sometimes,9.403815096
1314,96633,19.03,F,rarely,never,never,Yes,6.430213886
1315,94149,91.49,A,frequently,always,never,Sometimes,24.07433176
1316,50655,89.98,A,frequently,never,always,Never,24.95032555
1317,16948,60.98,C,never,always,always,Never,21.75207683
1318,90515,33.15,D,never,always,never,Never,9.221417267
1319,54849,52.47,C,rarely,sometimes,rarely,Sometimes,19.32112299
1320,17225,77.78,B,never,always,rarely,Never,19.36231168
1321,20199,36.45,F,never,always,always,Yes,11.9027683
1322,47846,91.72,A,frequently,sometimes,never,Never,23.91426658
1323,76284,18.48,F,frequently,sometimes,always,Sometimes,12.17723096
1324,57522,21.59,F,never,always,always,Never,10.11300786
1325,93212,31.63,D,never,never,never,Never,10.11638587
1326,41533,93.67,A,never,never,rarely,Sometimes,20.25697956
1327,62807,65.99,B,never,always,always,Never,20.58116574
1328,93080,98.5,A,frequently,sometimes,always,Never,22.9952206
1329,98564,47.53,C,never,always,rarely,Sometimes,10.41228642
1330,42856,47.18,C,never,sometimes,always,Yes,11.81463338
1331,32523,8.87,F,rarely,never,rarely,Yes,3.732560776
1332,33598,79.07,B,never,always,never,Sometimes,20.91227902
1333,45745,41.73,C,never,never,never,Never,16.06163828
1334,36149,37.31,C,never,never,rarely,Never,8.889234523
1335,62749,70.8,B,never,always,rarely,Sometimes,20.89847612
1336,28982,48.44,C,never,sometimes,always,Never,16.2481395
1337,96182,55.47,C,never,always,rarely,Sometimes,20.81910466
1338,25453,70.9,B,never,sometimes,rarely,Never,17.57324589
1339,84525,24.29,F,never,never,always,Sometimes,6.289199485
1340,34875,10.1,F,never,never,rarely,Yes,3.888502854
1341,97717,90.31,A,never,always,always,Never,19.70717135
1342,18440,13.41,F,never,never,rarely,Sometimes,7.849417447
1343,30745,86.13,A,frequently,sometimes,never,Yes,19.45522557
1344,66399,8.56,F,never,sometimes,always,Yes,3.792874031
1345,13425,52.79,C,never,always,rarely,Yes,16.82674747
1346,47776,16.37,F,never,never,rarely,Sometimes,7.524156223
1347,92666,88.25,A,frequently,never,never,Sometimes,26.14785142
1348,47493,22.78,D,never,never,never,Yes,8.76698592
1349,97582,26.68,D,never,sometimes,rarely,Never,9.47381025
1350,88867,56.57,C,never,always,always,Never,20.5989228
1351,59610,16.78,F,rarely,sometimes,never,Sometimes,6.314568579
1352,23571,7.82,F,never,always,never,Never,6.080142088
1353,36471,75.02,B,frequently,sometimes,rarely,Sometimes,16.55485757
1354,55223,44.6,C,never,never,rarely,Never,16.17220053
1355,23006,50.85,C,never,never,always,Sometimes,18.44725411
1356,91920,13.83,F,never,sometimes,rarely,Yes,3.714856436
1357,32608,53.51,C,never,never,rarely,Sometimes,15.92881019
1358,18693,61.75,C,never,never,never,Sometimes,19.68477251
1359,89106,52.57,C,never,sometimes,rarely,Sometimes,10.91672116
1360,97225,36.07,F,never,never,always,Never,14.96935603
1361,81564,51.99,C,never,sometimes,always,Never,14.87406365
1362,88708,60.96,C,rarely,never,rarely,Sometimes,14.93288954
1363,25293,50.09,C,never,always,rarely,Sometimes,14.38287944
1364,77509,43.2,D,never,sometimes,always,Never,14.21563544
1365,55970,15.5,F,never,never,never,Sometimes,11.18217997
1366,62589,74.55,B,never,always,rarely,Never,19.44326478
1367,66698,39.99,D,never,never,always,Never,10.15108635
1368,15000,38.86,C,never,sometimes,rarely,Never,11.46666446
1369,33842,85.61,A,rarely,sometimes,rarely,Never,20.12653628
1370,43159,28.23,D,frequently,sometimes,rarely,Sometimes,10.30125329
1371,45407,62.49,C,never,sometimes,rarely,Never,14.5729534
1372,38973,55.7,C,never,sometimes,always,Never,18.855144
1373,58998,68.79,B,frequently,never,never,Yes,18.96829369
1374,80243,75.54,B,never,never,never,Never,19.22253734
1375,34006,12.44,F,rarely,always,rarely,Sometimes,4.525233759
1376,44547,64.81,C,never,always,rarely,Sometimes,22.20765247
1377,23252,66.59,B,rarely,never,always,Yes,21.08061217
1378,61420,55.69,B,frequently,never,rarely,Yes,18.21354425
1379,17284,27.79,D,rarely,never,rarely,Yes,7.305073715
1380,65948,49.08,C,never,sometimes,always,Sometimes,17.02451807
1381,68752,78.52,B,rarely,never,rarely,Never,22.85264515
1382,46734,79.71,B,never,always,always,Never,25.26705654
1383,18945,92.21,A,frequently,always,always,Never,18.72779384
1384,19319,26.7,D,never,always,rarely,Never,7.743117295
1385,45317,55.17,C,never,always,rarely,Never,13.35527014
1386,63066,78.83,B,never,sometimes,never,Yes,23.01832173
1387,61253,29.88,D,never,always,always,Never,10.39206857
1388,93647,40.79,D,never,always,always,Sometimes,14.44790615
1389,86558,47.47,C,never,sometimes,always,Yes,12.90723245
1390,31456,11.19,F,rarely,sometimes,always,Never,11.83355765
1391,21567,46.98,C,never,never,rarely,Yes,17.55804912
1392,19581,62.63,C,never,sometimes,never,Sometimes,20.97717316
1393,32537,92.84,A,frequently,sometimes,never,Never,18.83908204
1394,53866,21.98,D,never,always,never,Yes,9.599963753
1395,39337,40.72,C,never,sometimes,never,Yes,14.75614699
1396,91953,2.03,F,never,always,rarely,Sometimes,5.303601544
1397,63785,63.54,C,never,always,rarely,Yes,19.10702491
1398,72516,42.27,D,never,sometimes,always,Never,14.86219999
1399,16899,48.93,C,never,always,rarely,Sometimes,12.90535138
1400,86861,61.13,C,never,always,never,Sometimes,13.76096817
1401,15447,87.85,A,frequently,never,never,Never,23.89701649
1402,54669,50.71,B,frequently,never,never,Yes,18.60729239
1403,28424,39.28,C,never,sometimes,rarely,Yes,14.97429751
1404,18111,70.01,B,frequently,sometimes,rarely,Sometimes,19.97897015
1405,88492,50.84,C,never,never,rarely,Never,10.97793385
1406,83198,72.52,B,never,always,always,Sometimes,14.79750288
1407,79891,63.28,C,never,always,always,Yes,13.59582415
1408,91470,51,C,never,never,always,Never,13.79757651
1409,53705,56.42,C,never,never,rarely,Never,11.58474446
1410,53409,32.3,D,rarely,never,rarely,Never,10.62123895
1411,98950,79.97,B,rarely,sometimes,never,Yes,20.42819743
1412,77512,63.15,C,rarely,sometimes,rarely,Sometimes,12.86810333
1413,20301,60.38,C,rarely,sometimes,always,Yes,12.3864966
1414,74891,58.78,C,never,sometimes,never,Yes,19.41211178
1415,70152,51.7,C,never,never,always,Yes,20.23510237
1416,31382,72.99,B,never,never,never,Yes,15.5842404
1417,66416,20.37,F,never,always,always,Never,9.637073293
1418,34455,61.92,C,never,sometimes,always,Sometimes,17.99508288
1419,60859,62.36,C,never,sometimes,rarely,Never,17.32865126
1420,83860,94.13,A,frequently,always,rarely,Yes,21.80440802
1421,10992,65.19,B,never,sometimes,always,Never,22.61070808
1422,18360,90.35,A,never,always,rarely,Yes,20.59324894
1423,84984,22.63,D,frequently,never,never,Yes,12.56935366
1424,43087,20.66,F,never,sometimes,always,Never,9.538962258
1425,65139,68.56,B,frequently,never,always,Never,16.89623653
1426,90505,48.93,C,never,always,never,Never,10.69830842
1427,82162,57.33,C,never,never,always,Sometimes,13.50266475
1428,65340,2.38,F,never,always,never,Sometimes,2.388176069
1429,84318,42.49,D,never,always,always,Never,12.95581997
1430,51737,20.86,D,rarely,never,rarely,Sometimes,10.45054313
1431,70345,32.83,D,never,sometimes,never,Sometimes,13.49315861
1432,13148,24.89,D,never,sometimes,rarely,Sometimes,10.9376088
1433,32521,24.43,D,never,sometimes,never,Yes,9.188796389
1434,46863,46.22,C,never,never,always,Yes,17.70585586
1435,12585,61.89,C,never,sometimes,always,Sometimes,19.84184233
1436,17929,86.62,A,never,never,always,Never,20.26505134
1437,66928,10.87,F,never,never,rarely,Sometimes,3.062638564
1438,80201,88.5,A,never,always,always,Yes,19.84524167
1439,15361,55.65,C,never,always,always,Never,15.18337687
1440,99797,29.14,D,never,never,never,Never,11.60007061
1441,86351,15.97,F,never,never,never,Yes,7.365303548
1442,82606,42.71,D,never,never,always,Sometimes,16.04312392
1443,35853,28.66,D,never,never,rarely,Sometimes,6.957119317
1444,92482,76.2,B,rarely,never,rarely,Yes,18.81529514
1445,75805,31.29,D,never,always,always,Never,6.600462496
1446,67289,43.45,D,never,never,always,Never,10.58274688
1447,93719,79.01,B,never,always,rarely,Never,16.45489243
1448,41642,9.67,F,never,never,always,Never,11.7667945
1449,91955,46.92,C,never,sometimes,rarely,Yes,11.37363462
1450,89325,13.02,F,never,sometimes,never,Yes,5.710989407
1451,54871,86.61,B,never,always,never,Yes,19.46802079
1452,55436,5.19,F,rarely,always,never,Sometimes,6.156552146
1453,88874,55.63,C,never,always,always,Sometimes,11.19183612
1454,71784,35.68,D,never,always,always,Never,13.63884013
1455,51491,24.46,D,never,always,never,Sometimes,14.32915179
1456,97608,49.54,C,never,never,rarely,Sometimes,18.20106914
1457,97534,46.17,C,never,never,rarely,Sometimes,16.81776723
1458,67579,66.42,C,never,always,always,Sometimes,18.6467571
1459,83536,41.81,C,never,always,never,Never,11.6233844
1460,12287,8.87,F,rarely,sometimes,always,Never,6.061783299
1461,50187,51.37,C,never,always,rarely,Sometimes,17.49683028
1462,85359,52.91,C,never,always,never,Sometimes,13.56401738
1463,97288,52.96,C,never,sometimes,never,Sometimes,16.97190143
1464,42698,61.03,C,never,always,always,Sometimes,16.8882298
1465,68654,36.12,C,never,sometimes,never,Never,12.64931221
1466,93715,65.07,B,never,always,always,Sometimes,22.27571239
1467,44941,58.72,C,rarely,sometimes,always,Yes,14.42562533
1468,33466,66.42,B,frequently,sometimes,rarely,Yes,16.50089662
1469,81588,57.52,C,never,always,never,Sometimes,15.24982342
1470,96945,49.56,C,never,sometimes,never,Yes,12.26938748
1471,76380,49.44,C,never,never,always,Yes,19.13695856
1472,49182,69.22,B,frequently,sometimes,rarely,Yes,20.8823119
1473,54703,84.47,B,rarely,sometimes,always,Yes,18.75236815
1474,51695,92.77,A,frequently,always,always,Yes,20.1606431
1475,12147,75.23,B,never,always,always,Sometimes,16.78074595
1476,23926,20.56,D,frequently,sometimes,never,Sometimes,5.278617703
1477,58673,27.6,D,never,always,rarely,Yes,10.93885721
1478,80651,82.06,A,frequently,never,rarely,Sometimes,21.18408429
1479,49548,38.06,C,never,always,rarely,Yes,12.56878057
1480,52048,95.76,A,frequently,always,always,Sometimes,19.73315071
1481,59563,43.26,C,never,sometimes,never,Yes,12.69881142
1482,12424,53.15,C,never,never,always,Never,11.73380811
1483,86536,60.05,C,never,sometimes,never,Sometimes,19.38258374
1484,97404,63.31,C,never,never,rarely,Sometimes,19.69586642
1485,21388,58.83,C,never,sometimes,always,Sometimes,21.72503013
1486,93651,35.21,C,frequently,sometimes,never,Never,9.367051648
1487,26063,83.55,B,never,never,rarely,Sometimes,22.66256827
1488,25918,98.81,A,frequently,never,rarely,Never,25.56269518
1489,18167,17.27,F,rarely,never,never,Sometimes,9.509255944
1490,91229,9.84,F,never,sometimes,rarely,Never,4.291815681
1491,10864,4.98,F,never,sometimes,always,Yes,8.148063956
1492,60796,36.26,C,never,never,rarely,Sometimes,11.85205119
1493,24839,37.5,D,rarely,never,always,Yes,10.73727014
1494,29873,40.87,C,never,never,rarely,Sometimes,9.350639688
1495,20966,45.46,C,never,never,never,Sometimes,11.80288732
1496,39389,58.44,C,never,never,always,Never,17.6710348
1497,22257,92.07,A,frequently,always,never,Sometimes,27.50050622
1498,47249,8.62,F,never,always,never,Sometimes,10.11195752
1499,65052,67.9,C,never,always,never,Never,14.10778115
1500,57927,37.73,C,never,never,rarely,Yes,8.22919004
1501,95842,68.25,C,never,always,always,Never,21.320023
1502,82435,67.25,C,never,always,always,Yes,16.95371738
1503,43473,40.68,C,rarely,never,rarely,Never,12.72123029
1504,17780,54.31,C,never,always,never,Yes,14.57424117
1505,60503,86.32,B,frequently,always,rarely,Yes,23.99964739
1506,19676,78.37,B,never,always,always,Never,21.05366555
1507,15980,79.81,B,never,always,rarely,Yes,25.3413601
1508,94940,31.46,D,never,sometimes,rarely,Sometimes,16.2001607
1509,26142,44.68,C,never,never,never,Yes,15.38481437
1510,43161,85.12,B,never,always,rarely,Yes,20.13122518
1511,44726,60.62,C,never,sometimes,never,Sometimes,20.19370764
1512,38117,56.59,C,never,never,never,Sometimes,17.81480533
1513,46824,8.68,F,never,never,always,Never,3.03530699
1514,37878,46.33,C,rarely,never,never,Sometimes,18.97940738
1515,37464,47.62,C,never,sometimes,rarely,Yes,11.12690295
1516,80979,45.51,C,never,sometimes,rarely,Yes,9.2683064
1517,74491,12.25,F,never,never,rarely,Sometimes,12.2697295
1518,57975,16.08,F,rarely,always,always,Sometimes,3.762711346
1519,56960,22.34,D,never,always,never,Yes,5.08979592
1520,43015,13.72,F,never,never,always,Never,4.854459653
1521,76205,80.37,B,never,sometimes,never,Yes,20.80495374
1522,25720,57.48,C,never,always,never,Never,19.08651178
1523,25903,56.52,C,never,sometimes,never,Yes,15.37251298
1524,47247,89.67,B,never,always,rarely,Sometimes,25.86741799
1525,33591,30.25,D,never,always,always,Never,9.335896808
1526,53747,63.04,C,never,always,never,Yes,18.01026709
1527,21932,68.47,B,never,never,never,Sometimes,20.78427469
1528,63407,25.39,F,never,never,always,Yes,6.839490495
1529,43866,52.01,C,never,sometimes,rarely,Never,11.15305655
1530,97631,52.63,C,never,always,always,Never,16.98158372
1531,15032,66.23,B,frequently,never,always,Sometimes,16.84434499
1532,20102,42.04,C,never,sometimes,never,Sometimes,12.5191995
1533,63348,35.07,C,never,always,rarely,Never,11.74505986
1534,10704,26.65,F,never,never,always,Yes,11.0020155
1535,31312,55.53,B,frequently,never,never,Sometimes,15.75744749
1536,80791,37.46,D,never,never,always,Never,12.87803443
1537,29627,42.49,C,never,sometimes,rarely,Yes,11.06167156
1538,38435,54.01,C,never,always,rarely,Yes,15.38871864
1539,79466,82.01,A,frequently,never,always,Yes,22.28188354
1540,93646,3.55,F,rarely,always,never,Sometimes,10.60871439
1541,68033,81.29,B,rarely,never,always,Never,23.57255842
1542,32328,37.36,C,never,always,never,Never,16.59813966
1543,97742,15.06,F,never,always,rarely,Sometimes,4.472882789
1544,60370,86.7,A,rarely,sometimes,always,Yes,20.1713664
1545,28856,14.89,F,never,always,always,Yes,12.23425083
1546,22982,45.34,C,never,never,always,Sometimes,13.19512196
1547,63249,31.47,D,never,always,never,Yes,9.373507099
1548,56015,16.52,F,frequently,never,never,Sometimes,5.702225861
1549,36737,58.27,C,never,always,rarely,Sometimes,17.42428417
1550,11036,6.96,F,never,sometimes,never,Never,7.719272945
1551,83940,27.05,D,never,never,always,Never,7.643945429
1552,66950,84.18,B,never,never,always,Yes,25.94009422
1553,22394,52.02,C,never,never,rarely,Never,17.38418038
1554,29670,43.02,C,never,always,rarely,Yes,9.857898004
1555,97882,91.88,A,frequently,never,rarely,Never,27.56566895
1556,25288,66.21,B,rarely,sometimes,never,Sometimes,14.49342953
1557,18865,26.98,D,never,always,never,Never,9.524806659
1558,59663,42.95,C,never,always,rarely,Sometimes,11.45371167
1559,98907,61.22,C,never,always,rarely,Sometimes,12.60694217
1560,20845,13.02,F,never,always,rarely,Yes,3.06948052
1561,91272,46.27,C,never,always,rarely,Sometimes,15.70221508
1562,92137,63.73,C,never,always,never,Never,18.74296408
1563,10639,43.78,C,never,always,never,Never,16.65601565
1564,25790,38.79,D,never,never,always,Yes,9.782110297
1565,65090,80.37,B,rarely,never,never,Never,22.54689782
1566,35696,53.83,C,never,never,never,Sometimes,16.53628708
1567,28150,94.16,A,frequently,never,rarely,Sometimes,19.15529757
1568,67120,42.99,C,never,always,rarely,Yes,10.55631758
1569,20593,49.69,C,never,always,always,Sometimes,16.73735506
1570,73636,89.17,A,frequently,sometimes,always,Sometimes,18.84476784
1571,68704,70.17,B,frequently,never,rarely,Yes,21.46757595
1572,82398,3.06,F,never,never,always,Sometimes,2.673181811
1573,11307,39.22,C,never,always,never,Sometimes,9.323335541
1574,24681,38.71,C,never,sometimes,never,Sometimes,16.88616977
1575,51275,68.93,C,never,always,rarely,Sometimes,22.15191371
1576,95780,53.05,C,never,always,never,Yes,14.18839688
1577,71733,42.74,C,never,always,always,Never,17.51111195
1578,93904,70.2,B,frequently,sometimes,always,Never,20.69157204
1579,39182,60.37,C,never,sometimes,rarely,Yes,19.96361504
1580,30985,75.61,B,never,always,always,Yes,20.24228706
